ISO-10303-21;
HEADER;
FILE_DESCRIPTION (( 'STEP AP214' ),
    '1' );
FILE_NAME ('inner_ring_3508.STEP',
    '2026-07-22T14:28:24',
    ( '' ),
    ( '' ),
    'SwSTEP 2.0',
    'SolidWorks 2025',
    '' );
FILE_SCHEMA (( 'AUTOMOTIVE_DESIGN' ));
ENDSEC;

DATA;
#1 = CARTESIAN_POINT ( 'NONE',  ( 21.00308125305534190, 9.280770596475917955E-14, 8.093784755413055976 ) ) ;
#2 = DIRECTION ( 'NONE',  ( 0.000000000000000000, 1.000000000000000000, 0.000000000000000000 ) ) ;
#3 = ORIENTED_EDGE ( 'NONE', *, *, #2439, .F. ) ;
#4 = EDGE_CURVE ( 'NONE', #1562, #1235, #2414, .T. ) ;
#5 = CARTESIAN_POINT ( 'NONE',  ( -6.047650463812114907, 9.280770596475917955E-14, 21.50303339580093009 ) ) ;
#6 = CARTESIAN_POINT ( 'NONE',  ( -17.00606608959606803, 5.000000000000000000, 13.81293909888817595 ) ) ;
#7 = CARTESIAN_POINT ( 'NONE',  ( 0.000000000000000000, -8.485281374238571317, -13.50000000000000000 ) ) ;
#8 = CARTESIAN_POINT ( 'NONE',  ( -22.00277095942395533, 9.280770596475917955E-14, -1.406141241877288284 ) ) ;
#9 = CARTESIAN_POINT ( 'NONE',  ( 18.61748707698936656, 5.000000000000000000, -11.77032078608686128 ) ) ;
#10 = CARTESIAN_POINT ( 'NONE',  ( -19.87004465647144258, 0.000000000000000000, 8.161827089493092657 ) ) ;
#11 = ORIENTED_EDGE ( 'NONE', *, *, #2331, .T. ) ;
#12 = CARTESIAN_POINT ( 'NONE',  ( 21.53630632600673067, 5.000000000000000000, 0.3716022844069878928 ) ) ;
#13 = CARTESIAN_POINT ( 'NONE',  ( 17.92836219935211872, 0.000000000000000000, -13.58076721890070715 ) ) ;
#14 = CARTESIAN_POINT ( 'NONE',  ( 7.578839670488319413, 5.000000000000000000, 20.37259739529097402 ) ) ;
#15 = CIRCLE ( 'NONE', #620, 2.500000000000000444 ) ;
#16 = CARTESIAN_POINT ( 'NONE',  ( -10.25355165084853404, 5.000000000000000000, 19.27741205739376440 ) ) ;
#17 = CARTESIAN_POINT ( 'NONE',  ( -14.28941916244314214, -8.485281374238571317, -5.250000000000166089 ) ) ;
#18 = CARTESIAN_POINT ( 'NONE',  ( -20.40223045785138112, 9.280770596475917955E-14, 7.259132681061115200 ) ) ;
#19 = CARTESIAN_POINT ( 'NONE',  ( 11.23650461838285075, 5.000000000000000000, -18.34281772605192629 ) ) ;
#20 = DIRECTION ( 'NONE',  ( 1.000000000000000000, 0.000000000000000000, 0.000000000000000000 ) ) ;
#21 = CARTESIAN_POINT ( 'NONE',  ( -13.60842196957686134, 0.000000000000000000, 16.62042198802518556 ) ) ;
#22 = CARTESIAN_POINT ( 'NONE',  ( 19.76340491135338695, 5.000000000000000000, -9.493133530890901284 ) ) ;
#23 = DIRECTION ( 'NONE',  ( 0.000000000000000000, 0.000000000000000000, -1.000000000000000000 ) ) ;
#24 = CARTESIAN_POINT ( 'NONE',  ( 5.973369427709994461, 5.000000000000000000, -20.80920466506381317 ) ) ;
#25 = CIRCLE ( 'NONE', #628, 2.499999999999998668 ) ;
#26 = DIRECTION ( 'NONE',  ( -0.000000000000000000, 1.000000000000000000, -0.000000000000000000 ) ) ;
#27 = CARTESIAN_POINT ( 'NONE',  ( 20.05014298133982820, 0.000000000000000000, -9.334985577983069049 ) ) ;
#28 = STYLED_ITEM ( 'NONE', ( #1236 ), #1477 ) ;
#29 = EDGE_LOOP ( 'NONE', ( #166, #127, #1871, #605 ) ) ;
#30 = CARTESIAN_POINT ( 'NONE',  ( 3.783055418416479299, 5.000000000000000000, 22.17273410013656232 ) ) ;
#31 = CARTESIAN_POINT ( 'NONE',  ( 2.265356432710395218, 5.000000000000000000, 21.61398490215221102 ) ) ;
#32 = CARTESIAN_POINT ( 'NONE',  ( 21.78545426654645922, 5.000000000000000000, -1.019247931325178547 ) ) ;
#33 = CARTESIAN_POINT ( 'NONE',  ( -21.89210884666135115, 5.000000000000000000, 5.142649073263910076 ) ) ;
#34 = CARTESIAN_POINT ( 'NONE',  ( -8.135426756321106012, 5.000000000000000000, -20.49317752763869649 ) ) ;
#35 = CARTESIAN_POINT ( 'NONE',  ( 21.50082892385609057, 5.000000000000000000, -0.05538574488906028437 ) ) ;
#36 = EDGE_CURVE ( 'NONE', #522, #1115, #1661, .T. ) ;
#37 = CARTESIAN_POINT ( 'NONE',  ( -21.57173953273083100, 0.000000000000000000, 1.948636680162103785 ) ) ;
#38 = DIRECTION ( 'NONE',  ( -0.000000000000000000, 1.000000000000000000, -0.000000000000000000 ) ) ;
#39 = CARTESIAN_POINT ( 'NONE',  ( 21.50102979845324569, 9.280770596475917955E-14, 0.06770472310909815550 ) ) ;
#40 = CARTESIAN_POINT ( 'NONE',  ( 21.50954502575471849, 0.000000000000000000, -4.274285065873563383 ) ) ;
#41 = ORIENTED_EDGE ( 'NONE', *, *, #1577, .F. ) ;
#42 = CARTESIAN_POINT ( 'NONE',  ( 2.265356432710395218, 5.000000000000000000, 21.61398490215221102 ) ) ;
#43 = CARTESIAN_POINT ( 'NONE',  ( 1.038183469128063141, 5.000000000000000000, 21.48008088495590684 ) ) ;
#44 = DIRECTION ( 'NONE',  ( -0.000000000000000000, 1.000000000000000000, -0.000000000000000000 ) ) ;
#45 = CARTESIAN_POINT ( 'NONE',  ( -21.80935849464485798, 5.000000000000000000, 5.646969613588339598 ) ) ;
#46 = CARTESIAN_POINT ( 'NONE',  ( -7.793138218353327318, 5.000000000000000000, -20.92814481793868708 ) ) ;
#47 = DIRECTION ( 'NONE',  ( 0.000000000000000000, 0.000000000000000000, -1.000000000000000000 ) ) ;
#48 = CARTESIAN_POINT ( 'NONE',  ( -17.20525335778926745, 0.000000000000000000, 12.86528232331554911 ) ) ;
#49 = CARTESIAN_POINT ( 'NONE',  ( 20.88881186571105886, 5.000000000000000000, -8.429787769716346801 ) ) ;
#50 = DIRECTION ( 'NONE',  ( -0.000000000000000000, 1.000000000000000000, 0.000000000000000000 ) ) ;
#51 = EDGE_CURVE ( 'NONE', #1161, #327, #1886, .T. ) ;
#52 = CARTESIAN_POINT ( 'NONE',  ( 14.28941916244325760, 5.000000000000000000, -5.249999999999966249 ) ) ;
#53 = CARTESIAN_POINT ( 'NONE',  ( 18.88918604690723768, 0.000000000000000000, -10.23256772498891465 ) ) ;
#54 = ORIENTED_EDGE ( 'NONE', *, *, #843, .T. ) ;
#55 = CARTESIAN_POINT ( 'NONE',  ( 11.27380511581133149, 9.280770596475917955E-14, 18.30862634737814787 ) ) ;
#56 = CARTESIAN_POINT ( 'NONE',  ( 3.783055418416479299, 5.000000000000000000, 22.17273410013656232 ) ) ;
#57 = CARTESIAN_POINT ( 'NONE',  ( -14.28941916244314214, -8.485281374238571317, -8.250000000000166978 ) ) ;
#58 = AXIS2_PLACEMENT_3D ( 'NONE', #361, #2267, #565 ) ;
#59 = CARTESIAN_POINT ( 'NONE',  ( -22.00796252615863224, 9.280770596475917955E-14, 1.386698790421983407 ) ) ;
#60 = CARTESIAN_POINT ( 'NONE',  ( 0.01072009540453694454, 5.000000000000000000, -22.04551762440645746 ) ) ;
#61 = CARTESIAN_POINT ( 'NONE',  ( -19.83440385984127730, 0.000000000000000000, 8.668455804891541661 ) ) ;
#62 = CARTESIAN_POINT ( 'NONE',  ( 20.74980542453518240, 9.280770596475917955E-14, -5.647420164813633292 ) ) ;
#63 = FACE_BOUND ( 'NONE', #2024, .T. ) ;
#64 = CARTESIAN_POINT ( 'NONE',  ( -8.249999999999909406, 0.000000000000000000, 11.78941916244328780 ) ) ;
#65 = CARTESIAN_POINT ( 'NONE',  ( 21.02612632579967666, 0.000000000000000000, -4.826745306682585834 ) ) ;
#66 = CARTESIAN_POINT ( 'NONE',  ( 8.001081061730673127, 9.280770596475917955E-14, 20.47268412762883116 ) ) ;
#67 = CARTESIAN_POINT ( 'NONE',  ( 1.489492014169317757, 5.000000000000000000, 21.43166373960940163 ) ) ;
#68 = EDGE_CURVE ( 'NONE', #172, #771, #1557, .T. ) ;
#69 = AXIS2_PLACEMENT_3D ( 'NONE', #1637, #2459, #1443 ) ;
#70 = CARTESIAN_POINT ( 'NONE',  ( 21.25788144427713888, 9.280770596475917955E-14, -4.522752818095291616 ) ) ;
#71 = CARTESIAN_POINT ( 'NONE',  ( -21.34777994446066174, 5.000000000000000000, 2.417613532212277594 ) ) ;
#72 = CARTESIAN_POINT ( 'NONE',  ( -13.30983078922829321, 5.000000000000000000, -16.96501047610891533 ) ) ;
#73 = CARTESIAN_POINT ( 'NONE',  ( -8.698282208297683837, 0.000000000000000000, 19.73358772238366043 ) ) ;
#74 = CARTESIAN_POINT ( 'NONE',  ( 18.69002546553173616, 5.000000000000000000, -10.64040892587271081 ) ) ;
#75 = FACE_BOUND ( 'NONE', #1675, .T. ) ;
#76 = CARTESIAN_POINT ( 'NONE',  ( 3.277579760521635688, 9.280770596475917955E-14, -22.09981042328130485 ) ) ;
#77 = CARTESIAN_POINT ( 'NONE',  ( 21.55576912546820267, 5.000000000000000000, -0.4582032232888709755 ) ) ;
#78 = CARTESIAN_POINT ( 'NONE',  ( 13.05751571234681307, 0.000000000000000000, -17.84017766614782730 ) ) ;
#79 = VERTEX_POINT ( 'NONE', #210 ) ;
#80 = CARTESIAN_POINT ( 'NONE',  ( 15.04316277897950904, 5.000000000000000000, 16.29287607612387845 ) ) ;
#81 = CARTESIAN_POINT ( 'NONE',  ( 7.198227194603910917, 5.000000000000000000, 20.33956573828423586 ) ) ;
#82 = EDGE_CURVE ( 'NONE', #771, #2320, #467, .T. ) ;
#83 = CARTESIAN_POINT ( 'NONE',  ( -17.05160174744059631, 9.280770596475917955E-14, 13.34855150234145071 ) ) ;
#84 = CARTESIAN_POINT ( 'NONE',  ( -10.09233983175401761, 5.000000000000000000, -19.26889937608049408 ) ) ;
#85 = CARTESIAN_POINT ( 'NONE',  ( 3.297088474741692643, 0.000000000000000000, 22.10423872077375407 ) ) ;
#86 = CARTESIAN_POINT ( 'NONE',  ( 13.98236440744586417, 5.000000000000000000, -17.61563912988489733 ) ) ;
#87 = DIRECTION ( 'NONE',  ( 0.000000000000000000, -1.000000000000000000, 0.000000000000000000 ) ) ;
#88 = VERTEX_POINT ( 'NONE', #2071 ) ;
#89 = DIRECTION ( 'NONE',  ( 0.000000000000000000, -1.000000000000000000, 0.000000000000000000 ) ) ;
#90 = CARTESIAN_POINT ( 'NONE',  ( 5.044084359542862828, 0.000000000000000000, -21.76739804958580748 ) ) ;
#91 = CARTESIAN_POINT ( 'NONE',  ( 18.07506318019197522, 5.000000000000000000, 13.41162043256943548 ) ) ;
#92 = CARTESIAN_POINT ( 'NONE',  ( 19.79843673755888389, 5.000000000000000000, 9.474596916628540200 ) ) ;
#93 = CARTESIAN_POINT ( 'NONE',  ( -13.03396784021242816, 5.000000000000000000, 17.61633627995862028 ) ) ;
#94 = CARTESIAN_POINT ( 'NONE',  ( -21.84901569971967206, 5.000000000000000000, 4.650092570530846459 ) ) ;
#95 = CARTESIAN_POINT ( 'NONE',  ( -14.77715865862524325, 9.280770596475917955E-14, -16.11487285753118925 ) ) ;
#96 = CIRCLE ( 'NONE', #373, 3.000000000000000444 ) ;
#97 = CARTESIAN_POINT ( 'NONE',  ( -2.054808300473189409, 0.000000000000000000, 22.33288497456015165 ) ) ;
#98 = CARTESIAN_POINT ( 'NONE',  ( 12.37260737753083895, 9.280770596475917955E-14, -17.85138368885704452 ) ) ;
#99 = FACE_BOUND ( 'NONE', #1889, .T. ) ;
#100 = EDGE_LOOP ( 'NONE', ( #1491, #1091 ) ) ;
#101 = CARTESIAN_POINT ( 'NONE',  ( 21.87535488013477547, 5.000000000000000000, -1.173803591774496891 ) ) ;
#102 = CARTESIAN_POINT ( 'NONE',  ( -4.810101907745949035, 0.000000000000000000, -21.11747557759776583 ) ) ;
#103 = EDGE_LOOP ( 'NONE', ( #2232, #149 ) ) ;
#104 = CARTESIAN_POINT ( 'NONE',  ( 19.49412923771098960, 5.000000000000000000, 9.648430460438618184 ) ) ;
#105 = FACE_OUTER_BOUND ( 'NONE', #2395, .T. ) ;
#106 = PRODUCT_CONTEXT ( 'NONE', #1861, 'mechanical' ) ;
#107 = CARTESIAN_POINT ( 'NONE',  ( -17.00606608959606803, 5.000000000000000000, 13.81293909888817595 ) ) ;
#108 = VECTOR ( 'NONE', #976, 1000.000000000000000 ) ;
#109 = CARTESIAN_POINT ( 'NONE',  ( -19.98998378633133299, 5.000000000000000000, -9.695061486504986448 ) ) ;
#110 = CARTESIAN_POINT ( 'NONE',  ( -14.40799832946807690, 9.280770596475917955E-14, -16.18277094059331844 ) ) ;
#111 = CARTESIAN_POINT ( 'NONE',  ( -6.902823494266513649, 0.000000000000000000, 21.44569743698095365 ) ) ;
#112 = CARTESIAN_POINT ( 'NONE',  ( 11.99369300426620910, 5.000000000000000000, -17.91997479826702744 ) ) ;
#113 = CARTESIAN_POINT ( 'NONE',  ( 0.000000000000000000, 1.000000000000000000, 0.000000000000000000 ) ) ;
#114 = ORIENTED_EDGE ( 'NONE', *, *, #2021, .F. ) ;
#115 = CARTESIAN_POINT ( 'NONE',  ( 21.66993067396671435, 5.000000000000000000, -0.7887541447959790508 ) ) ;
#116 = CARTESIAN_POINT ( 'NONE',  ( 8.203134167590837578, 0.000000000000000000, -20.52532851353633703 ) ) ;
#117 = ORIENTED_EDGE ( 'NONE', *, *, #2257, .F. ) ;
#118 = CARTESIAN_POINT ( 'NONE',  ( 17.77431537107537096, 9.280770596475917955E-14, 13.68667991065372114 ) ) ;
#119 = CYLINDRICAL_SURFACE ( 'NONE', #1010, 2.999999999999999112 ) ;
#120 = CARTESIAN_POINT ( 'NONE',  ( -14.36220943432103425, 5.000000000000000000, 16.19558012670445635 ) ) ;
#121 = CARTESIAN_POINT ( 'NONE',  ( -19.83440385984127730, 5.000000000000000000, 8.668455804891541661 ) ) ;
#122 = CARTESIAN_POINT ( 'NONE',  ( -8.135426756321106012, 5.000000000000000000, -20.49317752763869649 ) ) ;
#123 = CARTESIAN_POINT ( 'NONE',  ( 9.752841289346950049, 0.000000000000000000, 20.28716079572233966 ) ) ;
#124 = CARTESIAN_POINT ( 'NONE',  ( 15.26624746504589503, 9.280770596475917955E-14, -15.33866194321941379 ) ) ;
#125 = CARTESIAN_POINT ( 'NONE',  ( 17.92836219935211872, 5.000000000000000000, -13.58076721890070715 ) ) ;
#126 = CARTESIAN_POINT ( 'NONE',  ( 15.74311396507290262, 0.000000000000000000, -14.61588346854642850 ) ) ;
#127 = ORIENTED_EDGE ( 'NONE', *, *, #878, .T. ) ;
#128 = EDGE_CURVE ( 'NONE', #1305, #1754, #426, .T. ) ;
#129 = CARTESIAN_POINT ( 'NONE',  ( 15.47880671103801120, 9.280770596475917955E-14, 14.92083345263744931 ) ) ;
#130 = CARTESIAN_POINT ( 'NONE',  ( 20.62332058318116523, 5.000000000000000000, 8.831594486045741377 ) ) ;
#131 = CARTESIAN_POINT ( 'NONE',  ( -13.03396784021242816, 9.280770596475917955E-14, 17.61633627995862028 ) ) ;
#132 = CARTESIAN_POINT ( 'NONE',  ( -20.96506086679566394, 5.000000000000000000, 6.821236210805844635 ) ) ;
#133 = CARTESIAN_POINT ( 'NONE',  ( -13.09833161271628832, 9.280770596475917955E-14, -17.39191390971643258 ) ) ;
#134 = CARTESIAN_POINT ( 'NONE',  ( 15.47880671103801120, 0.000000000000000000, 14.92083345263744931 ) ) ;
#135 = ORIENTED_EDGE ( 'NONE', *, *, #1852, .F. ) ;
#136 = CIRCLE ( 'NONE', #2013, 3.000000000000000888 ) ;
#137 = CARTESIAN_POINT ( 'NONE',  ( 20.85111644792205254, 5.000000000000000000, -6.439737209418816555 ) ) ;
#138 = CARTESIAN_POINT ( 'NONE',  ( -20.95539490747585987, 0.000000000000000000, -6.838363024332214657 ) ) ;
#139 = EDGE_LOOP ( 'NONE', ( #2212, #3, #162, #509 ) ) ;
#140 = CARTESIAN_POINT ( 'NONE',  ( 20.92664269472878757, 5.000000000000000000, 6.670776317479057305 ) ) ;
#141 = CARTESIAN_POINT ( 'NONE',  ( 21.50082892385609057, 0.000000000000000000, -0.05538574488906028437 ) ) ;
#142 = EDGE_CURVE ( 'NONE', #88, #522, #2097, .T. ) ;
#143 = CARTESIAN_POINT ( 'NONE',  ( 0.3167353714766815154, 9.280770596475917955E-14, 21.82201934417131639 ) ) ;
#144 = CARTESIAN_POINT ( 'NONE',  ( -19.99015636153322717, 5.000000000000000000, -7.854878416038097555 ) ) ;
#145 = AXIS2_PLACEMENT_3D ( 'NONE', #1984, #50, #810 ) ;
#146 = CARTESIAN_POINT ( 'NONE',  ( -9.082581512475268681, 9.280770596475917955E-14, -19.46374687675191595 ) ) ;
#147 = CARTESIAN_POINT ( 'NONE',  ( 20.36251013883436300, 0.000000000000000000, 9.105298428647319753 ) ) ;
#148 = CIRCLE ( 'NONE', #1224, 10.50000000000000000 ) ;
#149 = ORIENTED_EDGE ( 'NONE', *, *, #340, .F. ) ;
#150 = CARTESIAN_POINT ( 'NONE',  ( -10.35277178708243362, 0.000000000000000000, -19.28986982488140711 ) ) ;
#151 = ORIENTED_EDGE ( 'NONE', *, *, #82, .T. ) ;
#152 = CARTESIAN_POINT ( 'NONE',  ( 21.96563408400492534, 9.280770596475917955E-14, 1.318335744435642054 ) ) ;
#153 = DIRECTION ( 'NONE',  ( 0.000000000000000000, 0.000000000000000000, -1.000000000000000000 ) ) ;
#154 = CARTESIAN_POINT ( 'NONE',  ( -5.443245943366364692, 9.280770596475917955E-14, 21.34434570984550916 ) ) ;
#155 = CARTESIAN_POINT ( 'NONE',  ( -19.14482188411757946, 5.000000000000000000, 11.52252055540692410 ) ) ;
#156 = DIRECTION ( 'NONE',  ( -0.000000000000000000, 1.000000000000000000, -0.000000000000000000 ) ) ;
#157 = ADVANCED_FACE ( 'NONE', ( #1357 ), #1910, .F. ) ;
#158 = CARTESIAN_POINT ( 'NONE',  ( -21.52151034254656992, 5.000000000000000000, -3.835956348183114706 ) ) ;
#159 = CARTESIAN_POINT ( 'NONE',  ( 22.33581107654678988, 0.000000000000000000, 2.934910183042936715 ) ) ;
#160 = ORIENTED_EDGE ( 'NONE', *, *, #68, .F. ) ;
#161 = CARTESIAN_POINT ( 'NONE',  ( -21.87524447582766030, 0.000000000000000000, -5.078219245576548246 ) ) ;
#162 = ORIENTED_EDGE ( 'NONE', *, *, #2142, .T. ) ;
#163 = CARTESIAN_POINT ( 'NONE',  ( 21.00308125305534190, 5.000000000000000000, 8.093784755413055976 ) ) ;
#164 = CYLINDRICAL_SURFACE ( 'NONE', #1251, 3.000000000000000888 ) ;
#165 = CARTESIAN_POINT ( 'NONE',  ( -6.434154236828361739, 5.000000000000000000, -21.51385489408059115 ) ) ;
#166 = ORIENTED_EDGE ( 'NONE', *, *, #586, .F. ) ;
#167 = CARTESIAN_POINT ( 'NONE',  ( -3.897493453557453691, 9.280770596475917955E-14, 21.12595805102347057 ) ) ;
#168 = CARTESIAN_POINT ( 'NONE',  ( -7.377363339387269292, 5.000000000000000000, 21.24677405319496870 ) ) ;
#169 = LINE ( 'NONE', #353, #2220 ) ;
#170 = CARTESIAN_POINT ( 'NONE',  ( -19.89308346805845673, 9.280770596475917955E-14, -9.076451436028458275 ) ) ;
#171 = CARTESIAN_POINT ( 'NONE',  ( 14.74855766168457372, 0.000000000000000000, 16.91757662551263408 ) ) ;
#172 = VERTEX_POINT ( 'NONE', #931 ) ;
#173 = CARTESIAN_POINT ( 'NONE',  ( -19.84314350538611649, 0.000000000000000000, -8.704841324383583157 ) ) ;
#174 = CARTESIAN_POINT ( 'NONE',  ( 3.673940397442059868E-16, 0.000000000000000000, 13.50000000000000000 ) ) ;
#175 = CARTESIAN_POINT ( 'NONE',  ( -0.8757797432479775823, 5.000000000000000000, -22.43703506581987739 ) ) ;
#176 = CARTESIAN_POINT ( 'NONE',  ( 20.75573503639132156, 5.000000000000000000, 5.968942064567079875 ) ) ;
#177 = DIRECTION ( 'NONE',  ( -0.000000000000000000, 1.000000000000000000, -0.000000000000000000 ) ) ;
#178 = AXIS2_PLACEMENT_3D ( 'NONE', #1308, #177, #1295 ) ;
#179 = ORIENTED_EDGE ( 'NONE', *, *, #142, .T. ) ;
#180 = CARTESIAN_POINT ( 'NONE',  ( -4.347012430835706986, 5.000000000000000000, 21.06331064229482664 ) ) ;
#181 = CARTESIAN_POINT ( 'NONE',  ( -4.347012430835706986, 5.000000000000000000, 21.06331064229482664 ) ) ;
#182 = DIRECTION ( 'NONE',  ( 0.000000000000000000, 0.000000000000000000, -1.000000000000000000 ) ) ;
#183 = CARTESIAN_POINT ( 'NONE',  ( -21.45892752777929147, 9.280770596475917955E-14, -2.140901932492397464 ) ) ;
#184 = CARTESIAN_POINT ( 'NONE',  ( 11.60428559088120259, 5.000000000000000000, -18.07696747765414713 ) ) ;
#185 = DIRECTION ( 'NONE',  ( 0.000000000000000000, 0.000000000000000000, -1.000000000000000000 ) ) ;
#186 = AXIS2_PLACEMENT_3D ( 'NONE', #1503, #2265, #1318 ) ;
#187 = CARTESIAN_POINT ( 'NONE',  ( -8.356770982150949933, 0.000000000000000000, -20.11032701135525258 ) ) ;
#188 = ORIENTED_EDGE ( 'NONE', *, *, #1144, .F. ) ;
#189 = CARTESIAN_POINT ( 'NONE',  ( 2.285360203109497945, 9.280770596475917955E-14, -21.59716902287065921 ) ) ;
#190 = CARTESIAN_POINT ( 'NONE',  ( 21.99095846985050784, 5.000000000000000000, 3.749480385961162288 ) ) ;
#191 = CARTESIAN_POINT ( 'NONE',  ( 0.000000000000000000, -8.485281374238571317, -16.50000000000000000 ) ) ;
#192 = EDGE_LOOP ( 'NONE', ( #2171, #1274 ) ) ;
#193 = CARTESIAN_POINT ( 'NONE',  ( -9.459018370362052508, 9.280770596475917955E-14, 19.31780237155982505 ) ) ;
#194 = CARTESIAN_POINT ( 'NONE',  ( -0.2073999678892195497, 5.000000000000000000, 22.18615006526772859 ) ) ;
#195 = CARTESIAN_POINT ( 'NONE',  ( 0.000000000000000000, -1.414213562373095145, -20.50000000000000000 ) ) ;
#196 = CARTESIAN_POINT ( 'NONE',  ( -22.00277095942395533, 5.000000000000000000, -1.406141241877288284 ) ) ;
#197 = CARTESIAN_POINT ( 'NONE',  ( 8.665489830524490955, 5.000000000000000000, -20.59047153306172007 ) ) ;
#198 = CARTESIAN_POINT ( 'NONE',  ( 0.000000000000000000, 0.000000000000000000, -20.00000000000000000 ) ) ;
#199 = CARTESIAN_POINT ( 'NONE',  ( -22.33316665392541012, 0.000000000000000000, 0.8615500256514579958 ) ) ;
#200 = CARTESIAN_POINT ( 'NONE',  ( 14.28941916244325760, -8.485281374238567764, -8.249999999999968026 ) ) ;
#201 = CARTESIAN_POINT ( 'NONE',  ( 0.000000000000000000, 5.000000000000000000, 0.000000000000000000 ) ) ;
#202 = CARTESIAN_POINT ( 'NONE',  ( 3.673940397442059868E-16, 5.000000000000000000, 13.50000000000000000 ) ) ;
#203 = CARTESIAN_POINT ( 'NONE',  ( 8.423854169138138559, 9.280770596475917955E-14, 20.57734720879660273 ) ) ;
#204 = CARTESIAN_POINT ( 'NONE',  ( -15.36109029890846145, 5.000000000000000000, 16.02548494545740354 ) ) ;
#205 = CARTESIAN_POINT ( 'NONE',  ( 21.87535488013477547, 5.000000000000000000, -1.173803591774496891 ) ) ;
#206 = CARTESIAN_POINT ( 'NONE',  ( -21.65216529524314382, 5.000000000000000000, -6.061707092074206216 ) ) ;
#207 = CARTESIAN_POINT ( 'NONE',  ( 9.639490390975316458, 5.000000000000000000, -20.36315342263971573 ) ) ;
#208 = CARTESIAN_POINT ( 'NONE',  ( -15.98887339193418988, 0.000000000000000000, 15.76212794531016748 ) ) ;
#209 = CARTESIAN_POINT ( 'NONE',  ( 18.69002546553173616, 9.280770596475917955E-14, -10.64040892587271081 ) ) ;
#210 = CARTESIAN_POINT ( 'NONE',  ( 6.123233995736762338E-17, 0.000000000000000000, -21.00000000000000000 ) ) ;
#211 = CARTESIAN_POINT ( 'NONE',  ( -4.294692156676607198, 9.280770596475917955E-14, -21.05012949295620928 ) ) ;
#212 = CYLINDRICAL_SURFACE ( 'NONE', #780, 2.500000000000000444 ) ;
#213 = CARTESIAN_POINT ( 'NONE',  ( 21.09486257020671474, 0.000000000000000000, -7.480656397617877928 ) ) ;
#214 = ORIENTED_EDGE ( 'NONE', *, *, #2411, .T. ) ;
#215 = CARTESIAN_POINT ( 'NONE',  ( 2.579725015210014849, 9.280770596475917955E-14, 21.77656140965635245 ) ) ;
#216 = CIRCLE ( 'NONE', #1171, 0.5000000000000004441 ) ;
#217 = CARTESIAN_POINT ( 'NONE',  ( 18.71659826940244997, 5.000000000000000000, 10.57271996977611472 ) ) ;
#218 = CARTESIAN_POINT ( 'NONE',  ( 21.62576967926267457, 5.000000000000000000, -0.6808893225876955224 ) ) ;
#219 = CARTESIAN_POINT ( 'NONE',  ( -19.92355701066561835, 5.000000000000000000, 10.43122254053779052 ) ) ;
#220 = CARTESIAN_POINT ( 'NONE',  ( -6.434154236828361739, 5.000000000000000000, -21.51385489408059115 ) ) ;
#221 = LINE ( 'NONE', #35, #1410 ) ;
#222 = CARTESIAN_POINT ( 'NONE',  ( -19.90359154496740146, 0.000000000000000000, 9.135070858821428885 ) ) ;
#223 = DIRECTION ( 'NONE',  ( -0.000000000000000000, 1.000000000000000000, -0.000000000000000000 ) ) ;
#224 = VECTOR ( 'NONE', #1487, 1000.000000000000000 ) ;
#225 = DIRECTION ( 'NONE',  ( 0.000000000000000000, 0.000000000000000000, 1.000000000000000000 ) ) ;
#226 = CARTESIAN_POINT ( 'NONE',  ( 21.99484613463933158, 0.000000000000000000, -1.363621445196449677 ) ) ;
#227 = EDGE_LOOP ( 'NONE', ( #1548, #920, #214, #1130 ) ) ;
#228 = ORIENTED_EDGE ( 'NONE', *, *, #2361, .T. ) ;
#229 = CARTESIAN_POINT ( 'NONE',  ( 10.99396934736241782, 9.280770596475917955E-14, 18.62224419397658437 ) ) ;
#230 = CARTESIAN_POINT ( 'NONE',  ( 5.322168119161678312, 5.000000000000000000, 21.53547205477428506 ) ) ;
#231 = CARTESIAN_POINT ( 'NONE',  ( 22.12500819500611016, 9.280770596475917955E-14, -1.591272308726787710 ) ) ;
#232 = CARTESIAN_POINT ( 'NONE',  ( -21.57173953273083100, 9.280770596475917955E-14, 1.948636680162103785 ) ) ;
#233 = CARTESIAN_POINT ( 'NONE',  ( -11.34679346280999113, 5.000000000000000000, -19.30976098236157057 ) ) ;
#234 = DIRECTION ( 'NONE',  ( 0.000000000000000000, 0.000000000000000000, -1.000000000000000000 ) ) ;
#235 = ADVANCED_FACE ( 'NONE', ( #1922 ), #1751, .F. ) ;
#236 = CARTESIAN_POINT ( 'NONE',  ( -13.97533646099007854, 0.000000000000000000, 16.35339825941926861 ) ) ;
#237 = CARTESIAN_POINT ( 'NONE',  ( 21.03577506131244590, 5.000000000000000000, -7.051085557932833758 ) ) ;
#238 = FACE_OUTER_BOUND ( 'NONE', #444, .T. ) ;
#239 = CARTESIAN_POINT ( 'NONE',  ( 6.402018612307342593, 5.000000000000000000, -20.50193368362607416 ) ) ;
#240 = DIRECTION ( 'NONE',  ( 0.000000000000000000, 0.000000000000000000, 1.000000000000000000 ) ) ;
#241 = CARTESIAN_POINT ( 'NONE',  ( 21.87535488013477547, 0.000000000000000000, -1.173803591774496891 ) ) ;
#242 = CARTESIAN_POINT ( 'NONE',  ( 10.51461464122931311, 9.280770596475917955E-14, 19.52876899409673683 ) ) ;
#243 = CARTESIAN_POINT ( 'NONE',  ( 4.763134857330469707, 5.000000000000000000, 21.93543931625461596 ) ) ;
#244 = CARTESIAN_POINT ( 'NONE',  ( 21.55576912546820267, 9.280770596475917955E-14, -0.4582032232888709755 ) ) ;
#245 = CARTESIAN_POINT ( 'NONE',  ( -21.27523619974635949, 9.280770596475917955E-14, 2.953572409493871120 ) ) ;
#246 = CARTESIAN_POINT ( 'NONE',  ( -17.34070718000092981, 5.000000000000000000, -12.67707834016943558 ) ) ;
#247 = CARTESIAN_POINT ( 'NONE',  ( -21.34777994446066174, 0.000000000000000000, 2.417613532212277594 ) ) ;
#248 = CARTESIAN_POINT ( 'NONE',  ( 14.28941916244325760, -8.485281374238567764, -8.249999999999968026 ) ) ;
#249 = CARTESIAN_POINT ( 'NONE',  ( 4.273850966298175180, 9.280770596475917955E-14, -22.11930922727231419 ) ) ;
#250 = EDGE_CURVE ( 'NONE', #788, #1812, #766, .T. ) ;
#251 = CARTESIAN_POINT ( 'NONE',  ( 21.53630632600673067, 9.280770596475917955E-14, 0.3716022844069878928 ) ) ;
#252 = CARTESIAN_POINT ( 'NONE',  ( 22.12500819500611016, 0.000000000000000000, -1.591272308726787710 ) ) ;
#253 = ORIENTED_EDGE ( 'NONE', *, *, #1226, .F. ) ;
#254 = CARTESIAN_POINT ( 'NONE',  ( 1.904213195894420396, 5.000000000000000000, 21.48793032452932650 ) ) ;
#255 = CARTESIAN_POINT ( 'NONE',  ( 17.45226867970450968, 5.000000000000000000, 13.88641541379071853 ) ) ;
#256 = CARTESIAN_POINT ( 'NONE',  ( 21.50120042528665465, 9.280770596475917955E-14, -0.06779549196591572180 ) ) ;
#257 = CARTESIAN_POINT ( 'NONE',  ( -18.87060187290206059, 5.000000000000000000, 11.69813387989780118 ) ) ;
#258 = CARTESIAN_POINT ( 'NONE',  ( -12.39134575125369331, 5.000000000000000000, -18.80266724927511390 ) ) ;
#259 = CARTESIAN_POINT ( 'NONE',  ( 10.65400745747474254, 0.000000000000000000, 19.26272096552388291 ) ) ;
#260 = CARTESIAN_POINT ( 'NONE',  ( 20.76446497335488317, 5.000000000000000000, -6.066648157349497694 ) ) ;
#261 = FACE_BOUND ( 'NONE', #2083, .T. ) ;
#262 = SURFACE_SIDE_STYLE ('',( #1023 ) ) ;
#263 = VECTOR ( 'NONE', #411, 1000.000000000000000 ) ;
#264 = CARTESIAN_POINT ( 'NONE',  ( 12.37260737753083895, 0.000000000000000000, -17.85138368885704452 ) ) ;
#265 = ADVANCED_FACE ( 'NONE', ( #743 ), #982, .F. ) ;
#266 = CIRCLE ( 'NONE', #585, 3.000000000000000444 ) ;
#267 = CARTESIAN_POINT ( 'NONE',  ( 18.62411831253859518, 5.000000000000000000, 11.99110712536031720 ) ) ;
#268 = CARTESIAN_POINT ( 'NONE',  ( 17.12596941841460918, 5.000000000000000000, 14.01923052165435912 ) ) ;
#269 = VECTOR ( 'NONE', #1210, 1000.000000000000000 ) ;
#270 = CARTESIAN_POINT ( 'NONE',  ( 22.16287746613935639, 5.000000000000000000, -3.446006393542053292 ) ) ;
#271 = CARTESIAN_POINT ( 'NONE',  ( -20.69286779538634136, 5.000000000000000000, 7.017192802939528740 ) ) ;
#272 = CARTESIAN_POINT ( 'NONE',  ( 1.713456872414420573, 5.000000000000000000, -21.41422187673773081 ) ) ;
#273 = CARTESIAN_POINT ( 'NONE',  ( -4.347012430835706986, 0.000000000000000000, 21.06331064229482664 ) ) ;
#274 = CARTESIAN_POINT ( 'NONE',  ( 10.96630529631671003, 9.280770596475917955E-14, -18.66169890383082830 ) ) ;
#275 = DIRECTION ( 'NONE',  ( 0.000000000000000000, 0.000000000000000000, -1.000000000000000000 ) ) ;
#276 = ORIENTED_EDGE ( 'NONE', *, *, #1468, .T. ) ;
#277 =( NAMED_UNIT ( * ) PLANE_ANGLE_UNIT ( ) SI_UNIT ( $, .RADIAN. ) );
#278 = CARTESIAN_POINT ( 'NONE',  ( 10.30344835115024260, 0.000000000000000000, -19.82395295060691254 ) ) ;
#279 = ORIENTED_EDGE ( 'NONE', *, *, #856, .T. ) ;
#280 = CARTESIAN_POINT ( 'NONE',  ( 17.12596941841460918, 5.000000000000000000, 14.01923052165435912 ) ) ;
#281 = CARTESIAN_POINT ( 'NONE',  ( 21.50566401628141833, 5.000000000000000000, 0.1632872092306548173 ) ) ;
#282 = CARTESIAN_POINT ( 'NONE',  ( -13.33819774590904395, 9.280770596475917955E-14, 16.94193952922999102 ) ) ;
#283 = CARTESIAN_POINT ( 'NONE',  ( -19.77775950472992861, 5.000000000000000000, -10.76859641009512991 ) ) ;
#284 = CARTESIAN_POINT ( 'NONE',  ( -7.793138218353327318, 9.280770596475917955E-14, -20.92814481793868708 ) ) ;
#285 = CARTESIAN_POINT ( 'NONE',  ( -8.438723107724754868, 0.000000000000000000, 20.01711606575405256 ) ) ;
#286 = CARTESIAN_POINT ( 'NONE',  ( 15.16588864429429506, 9.280770596475917955E-14, -15.70630620946862699 ) ) ;
#287 = DIRECTION ( 'NONE',  ( 0.000000000000000000, -1.000000000000000000, 0.000000000000000000 ) ) ;
#288 = VERTEX_POINT ( 'NONE', #174 ) ;
#289 = CARTESIAN_POINT ( 'NONE',  ( 22.16287746613935639, 5.000000000000000000, -3.446006393542053292 ) ) ;
#290 = CARTESIAN_POINT ( 'NONE',  ( -2.327591545651179317, 0.000000000000000000, -22.21746075309117785 ) ) ;
#291 = CARTESIAN_POINT ( 'NONE',  ( 18.92239263677372207, 9.280770596475917955E-14, 10.18498788365920760 ) ) ;
#292 = CARTESIAN_POINT ( 'NONE',  ( 21.77197164214742031, 5.000000000000000000, 4.023287517125750057 ) ) ;
#293 = CARTESIAN_POINT ( 'NONE',  ( -18.60232997469848115, 9.280770596475917955E-14, 11.82387990937790079 ) ) ;
#294 = CARTESIAN_POINT ( 'NONE',  ( -22.44953091088059693, 5.000000000000000000, 0.5273094677591153578 ) ) ;
#295 = EDGE_CURVE ( 'NONE', #2419, #788, #1820, .T. ) ;
#296 = CARTESIAN_POINT ( 'NONE',  ( -10.35277178708243362, 5.000000000000000000, -19.28986982488140711 ) ) ;
#297 = VECTOR ( 'NONE', #2397, 1000.000000000000000 ) ;
#298 = CARTESIAN_POINT ( 'NONE',  ( -2.922921233017266474, 0.000000000000000000, 21.72806499805557223 ) ) ;
#299 = CARTESIAN_POINT ( 'NONE',  ( 18.26388979645584243, 5.000000000000000000, -13.19073196965213235 ) ) ;
#300 = CARTESIAN_POINT ( 'NONE',  ( 21.50000000000001066, 0.000000000000000000, -8.470329472543003391E-18 ) ) ;
#301 = ORIENTED_EDGE ( 'NONE', *, *, #2319, .F. ) ;
#302 = CARTESIAN_POINT ( 'NONE',  ( 21.25788144427713888, 5.000000000000000000, -4.522752818095291616 ) ) ;
#303 = CARTESIAN_POINT ( 'NONE',  ( 16.08225709792342073, 0.000000000000000000, -14.36918910718206277 ) ) ;
#304 = EDGE_LOOP ( 'NONE', ( #301, #1056, #2223, #2356 ) ) ;
#305 = CARTESIAN_POINT ( 'NONE',  ( 15.17493104309236962, 9.280770596475917955E-14, 15.66368423241137897 ) ) ;
#306 = CARTESIAN_POINT ( 'NONE',  ( 21.71547193110043494, 5.000000000000000000, 0.8893909500492362952 ) ) ;
#307 = CARTESIAN_POINT ( 'NONE',  ( -6.929586978713635936, 9.280770596475917955E-14, -21.43766386916052369 ) ) ;
#308 = CARTESIAN_POINT ( 'NONE',  ( -11.56094223472923943, 5.000000000000000000, 19.24512831950249137 ) ) ;
#309 = AXIS2_PLACEMENT_3D ( 'NONE', #1624, #2379, #1825 ) ;
#310 = CARTESIAN_POINT ( 'NONE',  ( -20.58632099444723806, 5.000000000000000000, -7.084299027745396771 ) ) ;
#311 = CARTESIAN_POINT ( 'NONE',  ( -17.11306650742679381, 9.280770596475917955E-14, -13.11302747492975307 ) ) ;
#312 = CARTESIAN_POINT ( 'NONE',  ( 8.890919825094563578, 0.000000000000000000, 20.57649637958716937 ) ) ;
#313 = CARTESIAN_POINT ( 'NONE',  ( 9.156357977601375708, 5.000000000000000000, -20.54096192691616451 ) ) ;
#314 = ORIENTED_EDGE ( 'NONE', *, *, #704, .T. ) ;
#315 = CARTESIAN_POINT ( 'NONE',  ( 0.000000000000000000, 1.000000000000000000, 0.000000000000000000 ) ) ;
#316 = CARTESIAN_POINT ( 'NONE',  ( 12.72870749710761373, 0.000000000000000000, -17.83981870828645100 ) ) ;
#317 = VERTEX_POINT ( 'NONE', #2085 ) ;
#318 = CARTESIAN_POINT ( 'NONE',  ( 18.59510673382364843, 9.280770596475917955E-14, 12.33107189773411783 ) ) ;
#319 = CARTESIAN_POINT ( 'NONE',  ( 21.53896333205914360, 5.000000000000000000, 4.247536075337232653 ) ) ;
#320 = CARTESIAN_POINT ( 'NONE',  ( -15.67149010138061271, 9.280770596475917955E-14, 15.92435830585016454 ) ) ;
#321 = CARTESIAN_POINT ( 'NONE',  ( -19.71687866696198554, 5.000000000000000000, 10.89842960957054352 ) ) ;
#322 = CARTESIAN_POINT ( 'NONE',  ( -9.790034832417008559, 5.000000000000000000, -19.27290536895272766 ) ) ;
#323 = CARTESIAN_POINT ( 'NONE',  ( 20.75573503639132156, 0.000000000000000000, 5.968942064567079875 ) ) ;
#324 = CARTESIAN_POINT ( 'NONE',  ( 15.03233095841895839, 5.000000000000000000, -16.32772676252087862 ) ) ;
#325 = CARTESIAN_POINT ( 'NONE',  ( 19.45755522695945672, 5.000000000000000000, -9.672411826660402667 ) ) ;
#326 = CARTESIAN_POINT ( 'NONE',  ( -17.94112932178229158, 0.000000000000000000, -12.11582571980251899 ) ) ;
#327 = VERTEX_POINT ( 'NONE', #372 ) ;
#328 = CARTESIAN_POINT ( 'NONE',  ( 21.99095846985050784, 9.280770596475917955E-14, 3.749480385961162288 ) ) ;
#329 = CYLINDRICAL_SURFACE ( 'NONE', #767, 3.000000000000000888 ) ;
#330 = B_SPLINE_CURVE_WITH_KNOTS ( 'NONE', 4,
 ( #651, #2025, #1972, #2366, #1789, #663, #2381, #77, #836, #1247, #115, #493, #1813, #101, #1408, #2173, #1422, #1998, #481, #289, #875, #675, #2010, #302, #1079, #1342, #1314, #2262, #137, #1512, #559, #2106, #382, #751, #2405, #1500, #1708, #572, #325, #2274, #964, #2081, #2036, #1731, #9, #1896, #1327, #408, #2301, #125, #598, #697, #396, #708, #1457, #583, #520, #1153, #2094, #2221, #1920, #1140, #777, #1907, #951, #367, #1847, #1272, #1354, #1126, #184, #19, #1837, #1538, #887, #2120, #1649, #941, #207, #2420, #197, #896, #2461, #1719, #763, #1523, #1662, #2286, #806, #1567, #1206, #2144, #1218, #2325, #1606, #2337, #1595, #272, #842, #460, #637, #60, #1747, #624, #1003, #1394, #2130, #820, #1029, #990, #1795, #610, #1414, #1581, #2155, #1980, #2360, #1759, #220, #1770, #449, #46, #34, #2348, #2312, #1402, #1966, #1553, #84, #2167, #1943, #422, #233, #1382, #258, #1015, #2180, #1783, #72, #435, #657, #1166, #1930, #978, #793, #1954, #1366, #1194, #831, #647, #1182, #246, #2426, #332, #2413, #1819, #869, #2387, #283, #669, #714, #109, #905, #1645, #893, #2043, #144, #2227, #310, #1085, #1230, #692, #2204, #2194, #681, #1439, #2004, #1669, #499, #1475, #1657, #1051, #1267, #1063, #703, #1427, #2400, #294, #1253, #1453, #487, #1465, #1843, #1241, #1633, #1039, #2017, #526, #94, #1278, #854, #1832, #1855, #475, #132, #2216, #514, #1618, #1806, #121, #2031, #1992, #882, #2374, #321, #1074, #155, #914, #1680, #1310, #2458, #545, #1892, #924, #6, #1867, #760, #2435, #961, #1098, #1917, #204, #1691, #737, #1727, #1716, #352, #1520, #724, #1486, #1337, #2283, #379, #2248, #1300, #2066, #2077, #748, #16, #773, #1497, #535, #1705, #2236, #1136, #1110, #1879, #168, #1509, #1287, #2259, #2446, #2103, #556, #2054, #181, #2270, #580, #342, #364, #1123, #936, #568, #1324, #2091, #1904, #194, #948, #393, #1150, #43, #67, #2309, #31, #607, #2127, #1951, #56, #1793, #243, #817, #230, #2164, #405, #1012, #419, #1214, #81, #644, #1363, #803, #446, #1742, #432, #1027, #1399, #1780, #1177, #1940, #987, #1351, #790, #1533, #633, #1000, #2298, #828, #1756, #1564, #1576, #1377, #457, #595, #1767, #2322, #1550, #621, #2140, #1191, #1976, #2333, #268, #255, #2117, #1203, #1591, #1391, #2152, #1163, #1963, #2345, #1927, #217, #975, #2214, #1616, #92, #1412, #1049, #130, #880, #1228, #2177, #2370, #2015, #1604, #2001, #1653, #891, #1449, #1989, #851, #319, #292, #1239, #666, #496, #1817, #1072, #1830, #2202, #472, #485, #679, #306, #1804, #1250, #2409, #1425, #701, #281, #511, #867, #1061 ),
 .UNSPECIFIED., .F., .F.,
 ( 5, 1, 1, 1, 1, 1, 1, 1, 1, 1, 1, 1, 1, 1, 1, 1, 1, 1, 1, 1, 1, 1, 1, 1, 1, 1, 1, 1, 1, 1, 1, 1, 1, 1, 1, 1, 1, 1, 1, 1, 1, 1, 1, 1, 1, 1, 1, 1, 1, 1, 1, 1, 1, 1, 1, 1, 1, 1, 1, 1, 1, 1, 1, 1, 1, 1, 1, 1, 1, 1, 1, 1, 1, 1, 1, 1, 1, 1, 1, 1, 1, 1, 1, 1, 1, 1, 1, 1, 1, 1, 1, 1, 1, 1, 1, 1, 1, 1, 1, 1, 1, 1, 1, 1, 1, 1, 1, 1, 1, 1, 1, 1, 1, 1, 1, 1, 1, 1, 1, 1, 1, 1, 1, 1, 1, 1, 1, 1, 1, 1, 1, 1, 1, 1, 1, 1, 1, 1, 1, 1, 1, 1, 1, 1, 1, 1, 1, 1, 1, 1, 1, 1, 1, 1, 1, 1, 1, 1, 1, 1, 1, 1, 1, 1, 1, 1, 1, 1, 1, 1, 1, 1, 1, 1, 1, 1, 1, 1, 1, 1, 1, 1, 1, 1, 1, 1, 1, 1, 1, 1, 1, 1, 1, 1, 1, 1, 1, 1, 1, 1, 1, 1, 1, 1, 1, 1, 1, 1, 1, 1, 1, 1, 1, 1, 1, 1, 1, 1, 1, 1, 1, 1, 1, 1, 1, 1, 1, 1, 1, 1, 1, 1, 1, 1, 1, 1, 1, 1, 1, 1, 1, 1, 1, 1, 1, 1, 1, 1, 1, 1, 1, 1, 1, 1, 1, 1, 1, 1, 1, 1, 1, 1, 1, 1, 1, 1, 1, 1, 1, 1, 1, 1, 1, 1, 1, 1, 1, 1, 1, 1, 1, 1, 1, 1, 1, 1, 1, 1, 1, 1, 1, 1, 1, 1, 1, 1, 1, 1, 1, 1, 1, 1, 1, 1, 1, 1, 1, 1, 1, 1, 1, 1, 1, 1, 1, 1, 1, 1, 1, 1, 1, 1, 1, 1, 1, 1, 1, 1, 1, 1, 1, 1, 1, 1, 1, 1, 1, 1, 1, 1, 1, 1, 1, 1, 1, 1, 1, 1, 1, 1, 1, 1, 1, 1, 1, 1, 1, 1, 1, 1, 1, 1, 1, 1, 1, 1, 1, 1, 1, 1, 1, 1, 1, 1, 1, 1, 1, 1, 1, 1, 5 ),
 ( 0.07358319050063265310, 0.07391494428098087377, 0.07424669806132898342, 0.07457845184167709307, 0.07491020562202531374, 0.07557371318272164407, 0.07623722074341797439, 0.07690072830411430471, 0.07756423586481063503, 0.07822774342550685434, 0.07889125098620318466, 0.07974345586852714385, 0.08059566075085121406, 0.08230007051549935448, 0.08400448028014749491, 0.08570889004479552431, 0.09046623902220383984, 0.09292792509979118376, 0.09538961117737852768, 0.09725037902088017050, 0.09911114686438181332, 0.1009719147078834561, 0.1028326825513852100, 0.1053035848955139325, 0.1077744872396426551, 0.1104221707454131479, 0.1130698542511836407, 0.1147701942807069914, 0.1164705343102304530, 0.1181708743397539146, 0.1198712143692772791, 0.1246169858670368308, 0.1270843161979869906, 0.1295516465289371366, 0.1314165903897449583, 0.1332815342505527800, 0.1351464781113606017, 0.1370114219721684234, 0.1394885714658881115, 0.1419657209596076886, 0.1446070263915363308, 0.1472483318234650840, 0.1489446318253860868, 0.1506409318273072007, 0.1523372318292283145, 0.1540335318311493173, 0.1564006318117731054, 0.1587677317923968934, 0.1637136454825361964, 0.1655827769213765732, 0.1674519083602169500, 0.1693210397990573268, 0.1711901712378975926, 0.1736735256503932900, 0.1761568800628890985, 0.1787917759339369139, 0.1814266718049847293, 0.1831189634302331504, 0.1848112550554815714, 0.1865035466807299924, 0.1881958383059785245, 0.1905571571925955832, 0.1929184760792127529, 0.1978757715512314830, 0.1997490588333817874, 0.2016223461155320917, 0.2034956333976823961, 0.2053689206798327005, 0.2078584368256146675, 0.2103479529713966345, 0.2129764077830099689, 0.2156048625946234143, 0.2172931792983251453, 0.2189814960020268764, 0.2206698127057286074, 0.2223581294094303384, 0.2247136735730947965, 0.2270692177367591991, 0.2320382162954202077, 0.2339155773710863695, 0.2357929384467525313, 0.2376702995224186932, 0.2395476605980848550, 0.2445389280867876769, 0.2471609104744459939, 0.2497828928621044220, 0.2514672698396306361, 0.2531516468171568501, 0.2548360237946830642, 0.2565204007722092783, 0.2588701782730259415, 0.2612199557738424938, 0.2660319215491134814, 0.2679959209447821955, 0.2699599203404509096, 0.2738879191317882267, 0.2787296121785418634, 0.2813450910633162882, 0.2839605699480906020, 0.2856410440400979356, 0.2873215181321052691, 0.2890019922241126027, 0.2906824663161200473, 0.2930264868936373057, 0.2953705074711546752, 0.3001936737564419033, 0.3021620220411179725, 0.3041303703257941526, 0.3060987186104703328, 0.3080670668951465130, 0.3129201767573976944, 0.3155291215026611029, 0.3181380662479244004, 0.3198146352168856899, 0.3214912041858469793, 0.3231677731548082688, 0.3248443421237695583, 0.3271826984342617317, 0.3295210547447539051, 0.3345248820174062665, 0.3364145049139949384, 0.3383041278105837213, 0.3420833736037611761, 0.3445970859010271115, 0.3471107981982929358, 0.3497131787706974082, 0.3510143690568997554, 0.3523155593431019916, 0.3539882257368144325, 0.3556608921305268733, 0.3573335585242393142, 0.3590062249179517551, 0.3636717842703333092, 0.3686871171433669936, 0.3705808366480762284, 0.3724745561527852411, 0.3762619951622035996, 0.3787816390987319703, 0.3813012830352603411, 0.3838970701690725962, 0.3864928573028847403, 0.3881616629957663767, 0.3898304686886481241, 0.3914992743815297604, 0.3931680800744113968, 0.3978225127601094924, 0.4028492941656073301, 0.4066449305349478793, 0.4104405669042883176, 0.4129660936480580302, 0.4154916203918278539, 0.4177167885559789351, 0.4199419567201300163, 0.4221671248842809865, 0.4243922930484320677, 0.4277951715355298168, 0.4311980500226275659, 0.4335237515459251512, 0.4358494530692227364, 0.4375172132357586507, 0.4391849734022944540, 0.4408527335688302573, 0.4425204937353660606, 0.4451144776259163827, 0.4477084615164667047, 0.4502297148015801387, 0.4527509680866935171, 0.4565406425256596790, 0.4584354797451427599, 0.4603303169646257853, 0.4653487780753022829, 0.4676800390328131884, 0.4700112999903242050, 0.4716829092164571136, 0.4733545184425899111, 0.4750261276687227641, 0.4766977368948557281, 0.4792983220507686104, 0.4818989072066814927, 0.4844142420783067449, 0.4869295769499318860, 0.4907110567893507858, 0.4926017967090602356, 0.4944925366287697965, 0.4994995074068354635, 0.5018363415265855165, 0.5041731756463355696, 0.5058486761570465395, 0.5075241766677575095, 0.5091996771784684794, 0.5108751776891794494, 0.5134823350829447186, 0.5160894924767098768, 0.5209457021901318097, 0.5229152367758600484, 0.5248847713615885091, 0.5268543059473168588, 0.5288238405330452085, 0.5336500533214506570, 0.5359925056760146411, 0.5383349580305786253, 0.5400143742564198490, 0.5416937904822609617, 0.5433732067081022965, 0.5450526229339435202, 0.5476663227251531429, 0.5502800225163629877, 0.5551248372774291173, 0.5570900226262210930, 0.5590552079750130687, 0.5610203933238051555, 0.5629855786725971312, 0.5678006038994812821, 0.5701488102309700823, 0.5724970165624588825, 0.5741803253533512841, 0.5758636341442436857, 0.5775469429351359762, 0.5792302517260283778, 0.5818504634264699549, 0.5844706751269114209, 0.5894652640525425147, 0.5913437375274442909, 0.5932222110023460671, 0.5951006844772478432, 0.5969791579521496194, 0.6019513407774537139, 0.6043053112815555128, 0.6066592817856572006, 0.6083465204139429927, 0.6100337590422286738, 0.6117209976705143548, 0.6134082362988000359, 0.6160349289344393409, 0.6186616215700786459, 0.6211528106357194767, 0.6236439997013604186, 0.6255183972639940526, 0.6273927948266277976, 0.6292671923892615427, 0.6311415899518951766, 0.6361020815457015809, 0.6384618247416001813, 0.6408215679374987817, 0.6425127720568849510, 0.6442039761762711203, 0.6458951802956572896, 0.6475863844150434590, 0.6502195266839877474, 0.6528526689529322580, 0.6553377082285681832, 0.6578227475042041084, 0.6596930228673757446, 0.6615632982305473808, 0.6634335735937190170, 0.6653038489568906533, 0.6702528252137653908, 0.6726183479340303029, 0.6749838706542952149, 0.6766790742036975503, 0.6783742777530997747, 0.6800694813025023322, 0.6817646848519046676, 0.6844042452774534713, 0.6870438057030023860, 0.6895226517437692548, 0.6920014977845364568, 0.6938675826755478226, 0.6957336675665590775, 0.6975997524575706654, 0.6994658373485820313, 0.7019347040695108619, 0.7044035707904395816, 0.7091461855550919013, 0.7108454206831996691, 0.7125446558113074369, 0.7142438909394153157, 0.7159431260675230835, 0.7185890731454379621, 0.7212350202233528407, 0.7237076305374373630, 0.7261802408515218854, 0.7280421464300210754, 0.7299040520085201544, 0.7317659575870194555, 0.7336278631655187565, 0.7385543174688328216, 0.7409314129496535895, 0.7433085084304741352, 0.7450118053909350335, 0.7467151023513957098, 0.7484183993118566081, 0.7501216962723172843, 0.7527739986114729831, 0.7554263009506285709, 0.7578926340057977606, 0.7603589670609669504, 0.7622167058981756949, 0.7640744447353846613, 0.7677899224098023723, 0.7702474933869792872, 0.7727050643641560912, 0.7750879496741523988, 0.7774708349841484845, 0.7791782220221435962, 0.7808856090601387079, 0.7825929960981338196, 0.7843003831361289313, 0.7869590095917446959, 0.7896176360473603495, 0.7920776512792048196, 0.7945376665110494008, 0.7963912525170423473, 0.7982448385230352939, 0.8000984245290282404, 0.8019520105350211869, 0.8044039103083949760, 0.8068558100817686540, 0.8092444852432926217, 0.8116331604048164783, 0.8133446637144268188, 0.8150561670240367151, 0.8167676703336469446, 0.8184791736432570630, 0.8211440934419514948, 0.8238090132406458155, 0.8262626710627840598, 0.8287163288849223042, 0.8305657774086158129, 0.8324152259323093217, 0.8342646744560027194, 0.8361141229796962282, 0.8385603381137036738, 0.8410065532477112304, 0.8434881743373521257, 0.8459697954269930209, 0.8477246917184451114, 0.8494795880098972019, 0.8512344843013492923, 0.8529893805928013828, 0.8554949919867650410, 0.8580006033807288102, 0.8604478651972004011, 0.8628951270136723251, 0.8647404549245693017, 0.8665857828354663894, 0.8684311107463634771, 0.8702764386572605648, 0.8727169573248911849, 0.8751574759925214719, 0.8775808505858915254, 0.8800042251792615788, 0.8818354882948361562, 0.8836667514104106225, 0.8854980145259851998, 0.8873292776415596661, 0.8897607684241546355, 0.8921922592067497160, 0.8946338027804036086, 0.8970753463540576123, 0.8989162144321762860, 0.9007570825102951817, 0.9025979505884139664, 0.9044388186665327511, 0.9068736306636635547, 0.9093084426607943582, 0.9141666361755639292, 0.9160026976001193200, 0.9169207283123969043, 0.9178387590246745997, 0.9187567897369522951, 0.9196748204492299905, 0.9205928511615076859, 0.9215108818737852703, 0.9227291429446539128, 0.9233382734800881231, 0.9239474040155224444, 0.9245565345509565436, 0.9251656650863907538, 0.9257747956218250751, 0.9263839261572593964 ),
 .UNSPECIFIED. ) ;
#331 = CARTESIAN_POINT ( 'NONE',  ( -17.05160174744059631, 5.000000000000000000, 13.34855150234145071 ) ) ;
#332 = CARTESIAN_POINT ( 'NONE',  ( -17.94112932178229158, 5.000000000000000000, -12.11582571980251899 ) ) ;
#333 = CARTESIAN_POINT ( 'NONE',  ( -14.77715865862524325, 5.000000000000000000, -16.11487285753118925 ) ) ;
#334 = CARTESIAN_POINT ( 'NONE',  ( 15.28347244000996774, 0.000000000000000000, 15.29358678437271912 ) ) ;
#335 = AXIS2_PLACEMENT_3D ( 'NONE', #1473, #1120, #2280 ) ;
#336 = CARTESIAN_POINT ( 'NONE',  ( -19.86261911075901665, 0.000000000000000000, -8.290106393744903102 ) ) ;
#337 = ORIENTED_EDGE ( 'NONE', *, *, #2411, .F. ) ;
#338 = CARTESIAN_POINT ( 'NONE',  ( 20.36251013883436300, 9.280770596475917955E-14, 9.105298428647319753 ) ) ;
#339 = CARTESIAN_POINT ( 'NONE',  ( 0.000000000000000000, 5.000000000000000000, 16.50000000000000000 ) ) ;
#340 = EDGE_CURVE ( 'NONE', #2047, #1104, #1381, .T. ) ;
#341 = CARTESIAN_POINT ( 'NONE',  ( -5.725817035700059954, 9.280770596475917955E-14, 21.43962851368825895 ) ) ;
#342 = CARTESIAN_POINT ( 'NONE',  ( -3.188279445688513292, 5.000000000000000000, 21.49261267939214193 ) ) ;
#343 = DIRECTION ( 'NONE',  ( 0.000000000000000000, 0.000000000000000000, -1.000000000000000000 ) ) ;
#344 = AXIS2_PLACEMENT_3D ( 'NONE', #925, #156, #2260 ) ;
#345 = CARTESIAN_POINT ( 'NONE',  ( -19.84314350538611649, 5.000000000000000000, -8.704841324383583157 ) ) ;
#346 = CARTESIAN_POINT ( 'NONE',  ( 14.16379657430320904, 0.000000000000000000, 17.49030561170899745 ) ) ;
#347 = CARTESIAN_POINT ( 'NONE',  ( -17.11306650742679381, 0.000000000000000000, -13.11302747492975307 ) ) ;
#348 = VERTEX_POINT ( 'NONE', #834 ) ;
#349 = CARTESIAN_POINT ( 'NONE',  ( 22.17414520892172902, 9.280770596475917955E-14, 3.419701894129210995 ) ) ;
#350 = CARTESIAN_POINT ( 'NONE',  ( -8.249999999999909406, -7.071067811865475505, 11.78941916244328780 ) ) ;
#351 = CARTESIAN_POINT ( 'NONE',  ( -8.438723107724754868, 5.000000000000000000, 20.01711606575405256 ) ) ;
#352 = CARTESIAN_POINT ( 'NONE',  ( -13.60842196957686134, 5.000000000000000000, 16.62042198802518556 ) ) ;
#353 = CARTESIAN_POINT ( 'NONE',  ( 3.673940397442060361E-16, -8.485281374238571317, 13.50000000000000000 ) ) ;
#354 = CARTESIAN_POINT ( 'NONE',  ( -20.58632099444723806, 9.280770596475917955E-14, -7.084299027745396771 ) ) ;
#355 = CARTESIAN_POINT ( 'NONE',  ( 21.96563408400492534, 0.000000000000000000, 1.318335744435642054 ) ) ;
#356 = ORIENTED_EDGE ( 'NONE', *, *, #1778, .T. ) ;
#357 = CARTESIAN_POINT ( 'NONE',  ( -19.92336198037230588, 0.000000000000000000, -10.36435507865290795 ) ) ;
#358 = DIRECTION ( 'NONE',  ( -0.000000000000000000, 1.000000000000000000, -0.000000000000000000 ) ) ;
#359 = CARTESIAN_POINT ( 'NONE',  ( -0.2392254170999260909, 9.280770596475917955E-14, -22.20380806197471912 ) ) ;
#360 = CARTESIAN_POINT ( 'NONE',  ( 21.28757890596713054, 5.000000000000000000, 4.490419955212656689 ) ) ;
#361 = CARTESIAN_POINT ( 'NONE',  ( 14.28941916244320254, 5.000000000000000000, 8.250000000000067502 ) ) ;
#362 = VERTEX_POINT ( 'NONE', #1609 ) ;
#363 = CARTESIAN_POINT ( 'NONE',  ( -2.054808300473189409, 9.280770596475917955E-14, 22.33288497456015165 ) ) ;
#364 = CARTESIAN_POINT ( 'NONE',  ( -2.922921233017266474, 5.000000000000000000, 21.72806499805557223 ) ) ;
#365 = CARTESIAN_POINT ( 'NONE',  ( 8.249999999999909406, 5.000000000000000000, -14.28941916244328958 ) ) ;
#366 = CARTESIAN_POINT ( 'NONE',  ( -21.37077574553548232, 5.000000000000000000, -6.470366781977393345 ) ) ;
#367 = CARTESIAN_POINT ( 'NONE',  ( 13.52044579259198898, 5.000000000000000000, -17.78670727427943632 ) ) ;
#368 = CARTESIAN_POINT ( 'NONE',  ( 16.12447728433854266, 0.000000000000000000, 14.34571999264067088 ) ) ;
#369 = EDGE_CURVE ( 'NONE', #1826, #1961, #937, .T. ) ;
#370 = EDGE_LOOP ( 'NONE', ( #1518, #1293, #1148, #160 ) ) ;
#371 = CARTESIAN_POINT ( 'NONE',  ( -9.082581512475268681, 0.000000000000000000, -19.46374687675191595 ) ) ;
#372 = CARTESIAN_POINT ( 'NONE',  ( 21.50000000000001066, 0.000000000000000000, -8.470329472543003391E-18 ) ) ;
#373 = AXIS2_PLACEMENT_3D ( 'NONE', #1513, #1367, #1328 ) ;
#374 = CARTESIAN_POINT ( 'NONE',  ( 1.085181931284307399, 5.000000000000000000, -21.45468138306470962 ) ) ;
#375 = CARTESIAN_POINT ( 'NONE',  ( 21.64883228469616583, 5.000000000000000000, 0.7428700076874411584 ) ) ;
#376 = DIRECTION ( 'NONE',  ( -0.000000000000000000, 1.000000000000000000, -0.000000000000000000 ) ) ;
#377 = ORIENTED_EDGE ( 'NONE', *, *, #1403, .T. ) ;
#378 = CARTESIAN_POINT ( 'NONE',  ( -8.063173052550762776, 9.280770596475917955E-14, 20.58865187393976370 ) ) ;
#379 = CARTESIAN_POINT ( 'NONE',  ( -12.43389540130056403, 5.000000000000000000, 18.74040472027401449 ) ) ;
#380 = DIRECTION ( 'NONE',  ( -0.000000000000000000, 1.000000000000000000, -0.000000000000000000 ) ) ;
#381 = CARTESIAN_POINT ( 'NONE',  ( -21.65216529524314382, 9.280770596475917955E-14, -6.061707092074206216 ) ) ;
#382 = CARTESIAN_POINT ( 'NONE',  ( 21.05316971007180626, 5.000000000000000000, -7.950543986091030746 ) ) ;
#383 = DIRECTION ( 'NONE',  ( -0.000000000000000000, 1.000000000000000000, -0.000000000000000000 ) ) ;
#384 = EDGE_CURVE ( 'NONE', #2441, #518, #1419, .T. ) ;
#385 = AXIS2_PLACEMENT_3D ( 'NONE', #195, #491, #1258 ) ;
#386 = CARTESIAN_POINT ( 'NONE',  ( -18.28923899199372016, 0.000000000000000000, 11.94624421582729390 ) ) ;
#387 = CARTESIAN_POINT ( 'NONE',  ( -14.28941916244314214, 5.000000000000000000, -8.250000000000166978 ) ) ;
#388 = CARTESIAN_POINT ( 'NONE',  ( -4.294692156676607198, 5.000000000000000000, -21.05012949295620928 ) ) ;
#389 = DIRECTION ( 'NONE',  ( -0.8660254037844397068, 0.000000000000000000, 0.4999999999999980571 ) ) ;
#390 = CYLINDRICAL_SURFACE ( 'NONE', #178, 2.999999999999999112 ) ;
#391 = VERTEX_POINT ( 'NONE', #650 ) ;
#392 = CARTESIAN_POINT ( 'NONE',  ( 6.356838556474371238, 5.000000000000000000, 20.54220731346369888 ) ) ;
#393 = CARTESIAN_POINT ( 'NONE',  ( 0.3167353714766815154, 5.000000000000000000, 21.82201934417131639 ) ) ;
#394 = CARTESIAN_POINT ( 'NONE',  ( 21.50225466619257020, 9.280770596475917955E-14, -0.09280979283352606968 ) ) ;
#395 = CARTESIAN_POINT ( 'NONE',  ( -18.29212202922914443, 9.280770596475917955E-14, -11.94145082154749105 ) ) ;
#396 = CARTESIAN_POINT ( 'NONE',  ( 16.77354824828158186, 5.000000000000000000, -14.11187666143775310 ) ) ;
#397 = CARTESIAN_POINT ( 'NONE',  ( -19.71687866696198554, 0.000000000000000000, 10.89842960957054352 ) ) ;
#398 = CARTESIAN_POINT ( 'NONE',  ( 20.76446497335488317, 9.280770596475917955E-14, -6.066648157349497694 ) ) ;
#399 = DIRECTION ( 'NONE',  ( -0.000000000000000000, -1.000000000000000000, -0.000000000000000000 ) ) ;
#400 = CARTESIAN_POINT ( 'NONE',  ( -3.762734745561161276, 5.000000000000000000, -21.14760556632466759 ) ) ;
#401 = CYLINDRICAL_SURFACE ( 'NONE', #2292, 11.42500000000000071 ) ;
#402 = CARTESIAN_POINT ( 'NONE',  ( 21.66993067396671435, 0.000000000000000000, -0.7887541447959790508 ) ) ;
#403 = ADVANCED_FACE ( 'NONE', ( #238 ), #1208, .F. ) ;
#404 = CARTESIAN_POINT ( 'NONE',  ( 10.51461464122931311, 5.000000000000000000, 19.52876899409673683 ) ) ;
#405 = CARTESIAN_POINT ( 'NONE',  ( 5.739689019694768746, 5.000000000000000000, 21.05078398720911892 ) ) ;
#406 = CARTESIAN_POINT ( 'NONE',  ( 0.000000000000000000, 0.000000000000000000, -16.50000000000000000 ) ) ;
#407 = CARTESIAN_POINT ( 'NONE',  ( -20.96506086679566394, 5.000000000000000000, 6.821236210805844635 ) ) ;
#408 = CARTESIAN_POINT ( 'NONE',  ( 18.48412764836012911, 5.000000000000000000, -12.73938536082835071 ) ) ;
#409 = CARTESIAN_POINT ( 'NONE',  ( 21.56051267682079242, 0.000000000000000000, 0.4762564980949328675 ) ) ;
#410 = CARTESIAN_POINT ( 'NONE',  ( -19.14482188411757946, 0.000000000000000000, 11.52252055540692410 ) ) ;
#411 = DIRECTION ( 'NONE',  ( -0.000000000000000000, 1.000000000000000000, -0.000000000000000000 ) ) ;
#412 = CARTESIAN_POINT ( 'NONE',  ( 5.711462571635219199, 9.280770596475917955E-14, -21.08379121173055637 ) ) ;
#413 = CARTESIAN_POINT ( 'NONE',  ( 21.50082892385609057, 5.000000000000000000, -0.05538574488906028437 ) ) ;
#414 = CARTESIAN_POINT ( 'NONE',  ( 21.50082892385609057, 0.000000000000000000, -0.05538574488906028437 ) ) ;
#415 = ORIENTED_EDGE ( 'NONE', *, *, #1112, .T. ) ;
#416 = ADVANCED_FACE ( 'NONE', ( #1032 ), #2185, .F. ) ;
#417 = CARTESIAN_POINT ( 'NONE',  ( 10.32487569298192298, 5.000000000000000000, 19.79908899539711697 ) ) ;
#418 = VECTOR ( 'NONE', #443, 1000.000000000000000 ) ;
#419 = CARTESIAN_POINT ( 'NONE',  ( 6.356838556474371238, 5.000000000000000000, 20.54220731346369888 ) ) ;
#420 = CARTESIAN_POINT ( 'NONE',  ( 22.12500819500611016, 5.000000000000000000, -1.591272308726787710 ) ) ;
#421 = CARTESIAN_POINT ( 'NONE',  ( -22.33316665392541012, 5.000000000000000000, 0.8615500256514579958 ) ) ;
#422 = CARTESIAN_POINT ( 'NONE',  ( -10.92146287376307257, 5.000000000000000000, -19.34185077942400000 ) ) ;
#423 = CARTESIAN_POINT ( 'NONE',  ( 21.59784430326507376, 0.000000000000000000, 0.6046288794738466921 ) ) ;
#424 = CARTESIAN_POINT ( 'NONE',  ( -22.44953091088059693, 0.000000000000000000, 0.5273094677591153578 ) ) ;
#425 = CARTESIAN_POINT ( 'NONE',  ( 20.33811948031327788, 9.280770596475917955E-14, -9.127112020910885803 ) ) ;
#426 = CIRCLE ( 'NONE', #776, 3.000000000000000888 ) ;
#427 = DIRECTION ( 'NONE',  ( 0.000000000000000000, 0.000000000000000000, 1.000000000000000000 ) ) ;
#428 = CARTESIAN_POINT ( 'NONE',  ( 3.765454925720590040, 5.000000000000000000, -22.17188836623166637 ) ) ;
#429 = CARTESIAN_POINT ( 'NONE',  ( 8.249999999999909406, -7.071067811865475505, -16.78941916244328780 ) ) ;
#430 = CARTESIAN_POINT ( 'NONE',  ( 22.33008241408221650, 0.000000000000000000, -2.964312057627308761 ) ) ;
#431 = CARTESIAN_POINT ( 'NONE',  ( 9.363541621766923839, 5.000000000000000000, 20.46556076015426839 ) ) ;
#432 = CARTESIAN_POINT ( 'NONE',  ( 9.752841289346950049, 5.000000000000000000, 20.28716079572233966 ) ) ;
#433 = CARTESIAN_POINT ( 'NONE',  ( 22.36881208094535367, 9.280770596475917955E-14, -2.458965521622638928 ) ) ;
#434 = CARTESIAN_POINT ( 'NONE',  ( -19.92355701066561835, 9.280770596475917955E-14, 10.43122254053779052 ) ) ;
#435 = CARTESIAN_POINT ( 'NONE',  ( -13.64557217329655536, 5.000000000000000000, -16.58642694311949484 ) ) ;
#436 = CARTESIAN_POINT ( 'NONE',  ( 21.50000000000001066, 0.000000000000000000, -8.470329472543003391E-18 ) ) ;
#437 = ADVANCED_FACE ( 'NONE', ( #1186 ), #440, .F. ) ;
#438 = CARTESIAN_POINT ( 'NONE',  ( -16.98606009937788031, 0.000000000000000000, 14.14222531095846946 ) ) ;
#439 = CARTESIAN_POINT ( 'NONE',  ( 18.61748707698936656, 5.000000000000000000, -11.77032078608686128 ) ) ;
#440 = CYLINDRICAL_SURFACE ( 'NONE', #1383, 3.000000000000000888 ) ;
#441 = CARTESIAN_POINT ( 'NONE',  ( 4.273850966298175180, 5.000000000000000000, -22.11930922727231419 ) ) ;
#442 = LINE ( 'NONE', #429, #1221 ) ;
#443 = DIRECTION ( 'NONE',  ( -0.000000000000000000, 1.000000000000000000, -0.000000000000000000 ) ) ;
#444 = EDGE_LOOP ( 'NONE', ( #1799, #1613, #2009, #356 ) ) ;
#445 = CARTESIAN_POINT ( 'NONE',  ( 12.04034765615322833, 9.280770596475917955E-14, 17.90750957085692718 ) ) ;
#446 = CARTESIAN_POINT ( 'NONE',  ( 8.890919825094563578, 5.000000000000000000, 20.57649637958716937 ) ) ;
#447 = CARTESIAN_POINT ( 'NONE',  ( 21.58757288828434895, 5.000000000000000000, -0.5709864164205591397 ) ) ;
#448 = CARTESIAN_POINT ( 'NONE',  ( -19.14482188411757946, 9.280770596475917955E-14, 11.52252055540692410 ) ) ;
#449 = CARTESIAN_POINT ( 'NONE',  ( -7.402598313041606204, 5.000000000000000000, -21.23266348413103799 ) ) ;
#450 = EDGE_CURVE ( 'NONE', #1235, #1104, #1386, .T. ) ;
#451 = CARTESIAN_POINT ( 'NONE',  ( -5.443245943366364692, 0.000000000000000000, 21.34434570984550916 ) ) ;
#452 = CARTESIAN_POINT ( 'NONE',  ( 20.95722718204746471, 9.280770596475917955E-14, -6.762591152650058390 ) ) ;
#453 = FACE_BOUND ( 'NONE', #1201, .T. ) ;
#454 = CARTESIAN_POINT ( 'NONE',  ( 0.000000000000000000, -32.31477990022523983, 0.000000000000000000 ) ) ;
#455 = CARTESIAN_POINT ( 'NONE',  ( 21.05316971007180626, 0.000000000000000000, -7.950543986091030746 ) ) ;
#456 = CARTESIAN_POINT ( 'NONE',  ( 15.11127163087716241, 5.000000000000000000, 15.99978488622672401 ) ) ;
#457 = CARTESIAN_POINT ( 'NONE',  ( 14.92730865874757029, 5.000000000000000000, 16.60326787570295082 ) ) ;
#458 = CARTESIAN_POINT ( 'NONE',  ( 21.97285664383753456, 5.000000000000000000, -3.776758231063320537 ) ) ;
#459 = CARTESIAN_POINT ( 'NONE',  ( -21.54638996791861416, 9.280770596475917955E-14, 3.890661396110727033 ) ) ;
#460 = CARTESIAN_POINT ( 'NONE',  ( 0.6017842013390926059, 5.000000000000000000, -21.64558113604190837 ) ) ;
#461 = CARTESIAN_POINT ( 'NONE',  ( 1.489492014169317757, 0.000000000000000000, 21.43166373960940163 ) ) ;
#462 = CARTESIAN_POINT ( 'NONE',  ( 17.09131436487689371, 5.000000000000000000, -14.03015730062688959 ) ) ;
#463 = FACE_BOUND ( 'NONE', #1282, .T. ) ;
#464 = ORIENTED_EDGE ( 'NONE', *, *, #142, .F. ) ;
#465 = CARTESIAN_POINT ( 'NONE',  ( 8.203134167590837578, 5.000000000000000000, -20.52532851353633703 ) ) ;
#466 = DIRECTION ( 'NONE',  ( 0.000000000000000000, -0.000000000000000000, -1.000000000000000000 ) ) ;
#467 = CIRCLE ( 'NONE', #1458, 2.500000000000000444 ) ;
#468 = CARTESIAN_POINT ( 'NONE',  ( 10.96630529631671003, 0.000000000000000000, -18.66169890383082830 ) ) ;
#469 = PRODUCT_DEFINITION_SHAPE ( 'NONE', 'NONE',  #2079 ) ;
#470 = ORIENTED_EDGE ( 'NONE', *, *, #1437, .F. ) ;
#471 = CARTESIAN_POINT ( 'NONE',  ( 13.80662175134598613, 5.000000000000000000, 17.67939977474270918 ) ) ;
#472 = CARTESIAN_POINT ( 'NONE',  ( 21.96563408400492534, 5.000000000000000000, 1.318335744435642054 ) ) ;
#473 = PRESENTATION_LAYER_ASSIGNMENT (  '', '', ( #28 ) ) ;
#474 = CARTESIAN_POINT ( 'NONE',  ( -10.88544222468357958, 5.000000000000000000, 19.34214898311946484 ) ) ;
#475 = CARTESIAN_POINT ( 'NONE',  ( -21.19250070397577446, 5.000000000000000000, 6.632420303506307846 ) ) ;
#476 = CARTESIAN_POINT ( 'NONE',  ( -12.39134575125369331, 5.000000000000000000, -18.80266724927511390 ) ) ;
#477 = CARTESIAN_POINT ( 'NONE',  ( -10.25355165084853404, 0.000000000000000000, 19.27741205739376440 ) ) ;
#478 = CARTESIAN_POINT ( 'NONE',  ( 15.26624746504589503, 5.000000000000000000, -15.33866194321941379 ) ) ;
#479 = DIRECTION ( 'NONE',  ( 0.000000000000000000, -0.000000000000000000, -1.000000000000000000 ) ) ;
#480 = VERTEX_POINT ( 'NONE', #1798 ) ;
#481 = CARTESIAN_POINT ( 'NONE',  ( 22.33008241408221650, 5.000000000000000000, -2.964312057627308761 ) ) ;
#482 = CARTESIAN_POINT ( 'NONE',  ( 5.295754922585157232, 0.000000000000000000, -21.56050939871547811 ) ) ;
#483 = VERTEX_POINT ( 'NONE', #1571 ) ;
#484 = CARTESIAN_POINT ( 'NONE',  ( 18.33237370132062694, 5.000000000000000000, 13.06061107704994484 ) ) ;
#485 = CARTESIAN_POINT ( 'NONE',  ( 21.88090582405750695, 5.000000000000000000, 1.181287950643800322 ) ) ;
#486 = CARTESIAN_POINT ( 'NONE',  ( -12.93276482421152629, 9.280770596475917955E-14, 17.92938000874977433 ) ) ;
#487 = CARTESIAN_POINT ( 'NONE',  ( -22.00796252615863224, 5.000000000000000000, 1.386698790421983407 ) ) ;
#488 = CARTESIAN_POINT ( 'NONE',  ( -12.97857481093140031, 5.000000000000000000, -17.81858781351716559 ) ) ;
#489 = CARTESIAN_POINT ( 'NONE',  ( -10.88544222468357958, 0.000000000000000000, 19.34214898311946484 ) ) ;
#490 = CARTESIAN_POINT ( 'NONE',  ( 11.23650461838285075, 5.000000000000000000, -18.34281772605192629 ) ) ;
#491 = DIRECTION ( 'NONE',  ( -0.000000000000000000, 1.000000000000000000, -0.000000000000000000 ) ) ;
#492 = VERTEX_POINT ( 'NONE', #2170 ) ;
#493 = CARTESIAN_POINT ( 'NONE',  ( 21.72293441095105493, 5.000000000000000000, -0.9017881112250413222 ) ) ;
#494 = CARTESIAN_POINT ( 'NONE',  ( 8.665489830524490955, 0.000000000000000000, -20.59047153306172007 ) ) ;
#495 = CARTESIAN_POINT ( 'NONE',  ( 18.61473707560498880, 5.000000000000000000, 10.96768386098549541 ) ) ;
#496 = CARTESIAN_POINT ( 'NONE',  ( 22.33581107654678988, 5.000000000000000000, 2.934910183042936715 ) ) ;
#497 = ADVANCED_FACE ( 'NONE', ( #75, #1598, #463, #1006, #994, #626, #1043, #63, #1222, #1947, #1774 ), #823, .F. ) ;
#498 = CARTESIAN_POINT ( 'NONE',  ( -10.25355165084853404, 5.000000000000000000, 19.27741205739376440 ) ) ;
#499 = CARTESIAN_POINT ( 'NONE',  ( -21.38156366930433450, 5.000000000000000000, -3.487020889686430092 ) ) ;
#500 = CARTESIAN_POINT ( 'NONE',  ( -6.080084768685383168, 5.000000000000000000, -21.50617286497544001 ) ) ;
#501 = CARTESIAN_POINT ( 'NONE',  ( -17.00544006183023527, 9.280770596475917955E-14, -14.33064164999844436 ) ) ;
#502 = CIRCLE ( 'NONE', #2052, 3.000000000000000888 ) ;
#503 = CARTESIAN_POINT ( 'NONE',  ( -3.508432993571175551, 0.000000000000000000, 21.28155611680067949 ) ) ;
#504 = CARTESIAN_POINT ( 'NONE',  ( 10.05112590917946847, 9.280770596475917955E-14, -20.07604883320758660 ) ) ;
#505 = CARTESIAN_POINT ( 'NONE',  ( 0.000000000000000000, -32.31477990022523983, 11.42500000000000071 ) ) ;
#506 = EDGE_LOOP ( 'NONE', ( #758, #958 ) ) ;
#507 = CARTESIAN_POINT ( 'NONE',  ( -14.28941916244331445, 5.000000000000000000, 8.249999999999866773 ) ) ;
#508 = CARTESIAN_POINT ( 'NONE',  ( 15.16588864429429506, 0.000000000000000000, -15.70630620946862699 ) ) ;
#509 = ORIENTED_EDGE ( 'NONE', *, *, #2111, .T. ) ;
#510 = CARTESIAN_POINT ( 'NONE',  ( 15.17493104309236962, 5.000000000000000000, 15.66368423241137897 ) ) ;
#511 = CARTESIAN_POINT ( 'NONE',  ( 21.50102979845324569, 5.000000000000000000, 0.06770472310909815550 ) ) ;
#512 = VECTOR ( 'NONE', #2364, 1000.000000000000000 ) ;
#513 = CARTESIAN_POINT ( 'NONE',  ( -12.02436241472407197, 5.000000000000000000, 19.05224436848927994 ) ) ;
#514 = CARTESIAN_POINT ( 'NONE',  ( -20.40223045785138112, 5.000000000000000000, 7.259132681061115200 ) ) ;
#515 = CARTESIAN_POINT ( 'NONE',  ( -17.61503897814456110, 9.280770596475917955E-14, -12.35920390209712671 ) ) ;
#516 = CARTESIAN_POINT ( 'NONE',  ( 15.78082580941539348, 0.000000000000000000, 14.58197770661933745 ) ) ;
#517 = CARTESIAN_POINT ( 'NONE',  ( 10.77942247263932884, 9.280770596475917955E-14, -18.99270098566182341 ) ) ;
#518 = VERTEX_POINT ( 'NONE', #2340 ) ;
#519 = B_SPLINE_CURVE_WITH_KNOTS ( 'NONE', 1,
 ( #1681, #2436 ),
 .UNSPECIFIED., .F., .F.,
 ( 2, 2 ),
 ( 0.000000000000000000, 1.000000000000000000 ),
 .UNSPECIFIED. ) ;
#520 = CARTESIAN_POINT ( 'NONE',  ( 15.45089387422644123, 5.000000000000000000, -14.96313633357434369 ) ) ;
#521 = CARTESIAN_POINT ( 'NONE',  ( -7.402598313041606204, 0.000000000000000000, -21.23266348413103799 ) ) ;
#522 = VERTEX_POINT ( 'NONE', #639 ) ;
#523 = CARTESIAN_POINT ( 'NONE',  ( 22.28625403100240376, 9.280770596475917955E-14, 1.981582502106071120 ) ) ;
#524 = CARTESIAN_POINT ( 'NONE',  ( 0.000000000000000000, 5.000000000000000000, 16.50000000000000000 ) ) ;
#525 = CARTESIAN_POINT ( 'NONE',  ( -12.43389540130056403, 9.280770596475917955E-14, 18.74040472027401449 ) ) ;
#526 = CARTESIAN_POINT ( 'NONE',  ( -21.69588645582567921, 5.000000000000000000, 4.202493127171475606 ) ) ;
#527 = CARTESIAN_POINT ( 'NONE',  ( -11.34679346280999113, 9.280770596475917955E-14, -19.30976098236157057 ) ) ;
#528 = CARTESIAN_POINT ( 'NONE',  ( 19.49412923771098960, 0.000000000000000000, 9.648430460438618184 ) ) ;
#529 = ADVANCED_FACE ( 'NONE', ( #1020, #846, #1396, #1970, #2159, #453, #261, #660, #1996, #1811, #99 ), #859, .T. ) ;
#530 = CARTESIAN_POINT ( 'NONE',  ( -19.50747475164444822, 0.000000000000000000, -11.19700028357407895 ) ) ;
#531 = ORIENTED_EDGE ( 'NONE', *, *, #2398, .F. ) ;
#532 = CARTESIAN_POINT ( 'NONE',  ( 21.07818027182894838, 9.280770596475917955E-14, 7.322549411315046441 ) ) ;
#533 = DIRECTION ( 'NONE',  ( -0.000000000000000000, 1.000000000000000000, -0.000000000000000000 ) ) ;
#534 = CARTESIAN_POINT ( 'NONE',  ( -0.2073999678892195497, 9.280770596475917955E-14, 22.18615006526772859 ) ) ;
#535 = CARTESIAN_POINT ( 'NONE',  ( -9.038192037880749652, 5.000000000000000000, 19.48772292464589029 ) ) ;
#536 = CARTESIAN_POINT ( 'NONE',  ( -21.66479108706241163, 5.000000000000000000, -4.137603074080421273 ) ) ;
#537 = CARTESIAN_POINT ( 'NONE',  ( 21.77197164214742031, 0.000000000000000000, 4.023287517125750057 ) ) ;
#538 = ORIENTED_EDGE ( 'NONE', *, *, #1971, .T. ) ;
#539 = CIRCLE ( 'NONE', #2404, 3.000000000000000888 ) ;
#540 = CARTESIAN_POINT ( 'NONE',  ( -15.39601932535161666, 0.000000000000000000, -16.01595173253378590 ) ) ;
#541 = CARTESIAN_POINT ( 'NONE',  ( 0.6017842013390926059, 9.280770596475917955E-14, -21.64558113604190837 ) ) ;
#542 = CARTESIAN_POINT ( 'NONE',  ( 21.53896333205914360, 9.280770596475917955E-14, 4.247536075337232653 ) ) ;
#543 = DIRECTION ( 'NONE',  ( 0.000000000000000000, 1.000000000000000000, 0.000000000000000000 ) ) ;
#544 = CARTESIAN_POINT ( 'NONE',  ( -7.769557412483884207, 9.280770596475917955E-14, 20.94955412080608426 ) ) ;
#545 = CARTESIAN_POINT ( 'NONE',  ( -17.52214277794370645, 5.000000000000000000, 12.42207143784108858 ) ) ;
#546 = CYLINDRICAL_SURFACE ( 'NONE', #1582, 2.499999999999998668 ) ;
#547 = AXIS2_PLACEMENT_3D ( 'NONE', #1159, #799, #1738 ) ;
#548 = CARTESIAN_POINT ( 'NONE',  ( -21.82872118787253868, 5.000000000000000000, -5.577142973585949903 ) ) ;
#549 = CARTESIAN_POINT ( 'NONE',  ( 22.04774335299223864, 0.000000000000000000, 1.457058781175115225 ) ) ;
#550 = CARTESIAN_POINT ( 'NONE',  ( -10.92146287376307257, 0.000000000000000000, -19.34185077942400000 ) ) ;
#551 = ORIENTED_EDGE ( 'NONE', *, *, #856, .F. ) ;
#552 = CARTESIAN_POINT ( 'NONE',  ( 20.76145047374376773, 9.280770596475917955E-14, 5.564770662496996145 ) ) ;
#553 = CARTESIAN_POINT ( 'NONE',  ( -14.28941916244331445, -8.485281374238571317, 8.249999999999866773 ) ) ;
#554 = ORIENTED_EDGE ( 'NONE', *, *, #1971, .F. ) ;
#555 = CARTESIAN_POINT ( 'NONE',  ( -8.438723107724754868, 9.280770596475917955E-14, 20.01711606575405256 ) ) ;
#556 = CARTESIAN_POINT ( 'NONE',  ( -5.128740485206328081, 5.000000000000000000, 21.21847595522604735 ) ) ;
#557 = DIRECTION ( 'NONE',  ( 0.000000000000000000, 0.000000000000000000, 1.000000000000000000 ) ) ;
#558 = CARTESIAN_POINT ( 'NONE',  ( -21.29929237583566604, 5.000000000000000000, -3.079506214171177092 ) ) ;
#559 = CARTESIAN_POINT ( 'NONE',  ( 21.03577506131244590, 5.000000000000000000, -7.051085557932833758 ) ) ;
#560 = CARTESIAN_POINT ( 'NONE',  ( 21.07746081013751649, 0.000000000000000000, 7.697824683383365674 ) ) ;
#561 = CARTESIAN_POINT ( 'NONE',  ( -11.89975127608518690, 0.000000000000000000, -19.13990222509078976 ) ) ;
#562 = ORIENTED_EDGE ( 'NONE', *, *, #602, .F. ) ;
#563 = CARTESIAN_POINT ( 'NONE',  ( -2.327591545651179317, 9.280770596475917955E-14, -22.21746075309117785 ) ) ;
#564 = CARTESIAN_POINT ( 'NONE',  ( 22.28625403100240376, 5.000000000000000000, 1.981582502106071120 ) ) ;
#565 = DIRECTION ( 'NONE',  ( -0.8660254037844363761, 0.000000000000000000, -0.5000000000000041078 ) ) ;
#566 = VERTEX_POINT ( 'NONE', #2078 ) ;
#567 = CARTESIAN_POINT ( 'NONE',  ( -9.038192037880749652, 5.000000000000000000, 19.48772292464589029 ) ) ;
#568 = CARTESIAN_POINT ( 'NONE',  ( -2.054808300473189409, 5.000000000000000000, 22.33288497456015165 ) ) ;
#569 = FACE_OUTER_BOUND ( 'NONE', #1089, .T. ) ;
#570 = EDGE_CURVE ( 'NONE', #327, #2075, #2210, .T. ) ;
#571 = CARTESIAN_POINT ( 'NONE',  ( -21.70691270828490715, 9.280770596475917955E-14, -1.735221765117164860 ) ) ;
#572 = CARTESIAN_POINT ( 'NONE',  ( 19.76340491135338695, 5.000000000000000000, -9.493133530890901284 ) ) ;
#573 = CARTESIAN_POINT ( 'NONE',  ( -22.00277095942395533, 0.000000000000000000, -1.406141241877288284 ) ) ;
#574 = EDGE_LOOP ( 'NONE', ( #117, #1651 ) ) ;
#575 = CIRCLE ( 'NONE', #335, 0.5000000000000004441 ) ;
#576 = CARTESIAN_POINT ( 'NONE',  ( -0.2392254170999260909, 5.000000000000000000, -22.20380806197471912 ) ) ;
#577 = FACE_OUTER_BOUND ( 'NONE', #1044, .T. ) ;
#578 = DIRECTION ( 'NONE',  ( 0.000000000000000000, 1.000000000000000000, 0.000000000000000000 ) ) ;
#579 = CARTESIAN_POINT ( 'NONE',  ( -5.128740485206328081, 9.280770596475917955E-14, 21.21847595522604735 ) ) ;
#580 = CARTESIAN_POINT ( 'NONE',  ( -3.508432993571175551, 5.000000000000000000, 21.28155611680067949 ) ) ;
#581 = CARTESIAN_POINT ( 'NONE',  ( 21.99484613463933158, 9.280770596475917955E-14, -1.363621445196449677 ) ) ;
#582 = CARTESIAN_POINT ( 'NONE',  ( -19.14321624718067483, 5.000000000000000000, -11.54799085599770336 ) ) ;
#583 = CARTESIAN_POINT ( 'NONE',  ( 15.74311396507290262, 5.000000000000000000, -14.61588346854642850 ) ) ;
#584 = CARTESIAN_POINT ( 'NONE',  ( 0.000000000000000000, 0.000000000000000000, 16.50000000000000000 ) ) ;
#585 = AXIS2_PLACEMENT_3D ( 'NONE', #2099, #2113, #389 ) ;
#586 = EDGE_CURVE ( 'NONE', #2162, #362, #1979, .T. ) ;
#587 = AXIS2_PLACEMENT_3D ( 'NONE', #454, #1260, #1611 ) ;
#588 = CARTESIAN_POINT ( 'NONE',  ( -16.70703295257997212, 0.000000000000000000, 15.05430691143623179 ) ) ;
#589 = CARTESIAN_POINT ( 'NONE',  ( 21.09486257020671474, 5.000000000000000000, -7.480656397617877928 ) ) ;
#590 = EDGE_LOOP ( 'NONE', ( #2422, #1346 ) ) ;
#591 = DIRECTION ( 'NONE',  ( -0.000000000000000000, 1.000000000000000000, -0.000000000000000000 ) ) ;
#592 = CARTESIAN_POINT ( 'NONE',  ( 21.50225466619257020, 0.000000000000000000, -0.09280979283352606968 ) ) ;
#593 = ORIENTED_EDGE ( 'NONE', *, *, #878, .F. ) ;
#594 = CARTESIAN_POINT ( 'NONE',  ( 9.752841289346950049, 9.280770596475917955E-14, 20.28716079572233966 ) ) ;
#595 = CARTESIAN_POINT ( 'NONE',  ( 15.04316277897950904, 5.000000000000000000, 16.29287607612387845 ) ) ;
#596 = DIRECTION ( 'NONE',  ( 0.000000000000000000, 0.000000000000000000, -1.000000000000000000 ) ) ;
#597 = CARTESIAN_POINT ( 'NONE',  ( -21.41310470233255003, 9.280770596475917955E-14, 6.393941277939610757 ) ) ;
#598 = CARTESIAN_POINT ( 'NONE',  ( 17.52486614424552158, 5.000000000000000000, -13.86213788554044868 ) ) ;
#599 = CARTESIAN_POINT ( 'NONE',  ( 21.50102979845324569, 0.000000000000000000, 0.06770472310909815550 ) ) ;
#600 = CARTESIAN_POINT ( 'NONE',  ( -12.43389540130056403, 0.000000000000000000, 18.74040472027401449 ) ) ;
#601 = CARTESIAN_POINT ( 'NONE',  ( 0.000000000000000000, 5.000000000000000000, 0.000000000000000000 ) ) ;
#602 = EDGE_CURVE ( 'NONE', #1961, #1826, #1138, .T. ) ;
#603 = FACE_OUTER_BOUND ( 'NONE', #370, .T. ) ;
#604 = CARTESIAN_POINT ( 'NONE',  ( 21.72293441095105493, 0.000000000000000000, -0.9017881112250413222 ) ) ;
#605 = ORIENTED_EDGE ( 'NONE', *, *, #1112, .F. ) ;
#606 = CARTESIAN_POINT ( 'NONE',  ( 8.001081061730673127, 5.000000000000000000, 20.47268412762883116 ) ) ;
#607 = CARTESIAN_POINT ( 'NONE',  ( 2.579725015210014849, 5.000000000000000000, 21.77656140965635245 ) ) ;
#608 = DIRECTION ( 'NONE',  ( 0.000000000000000000, 0.000000000000000000, -1.000000000000000000 ) ) ;
#609 = CARTESIAN_POINT ( 'NONE',  ( -20.07059466428747641, 5.000000000000000000, 7.659669711287518723 ) ) ;
#610 = CARTESIAN_POINT ( 'NONE',  ( -3.762734745561161276, 5.000000000000000000, -21.14760556632466759 ) ) ;
#611 = DIRECTION ( 'NONE',  ( 0.000000000000000000, -1.000000000000000000, 0.000000000000000000 ) ) ;
#612 = CARTESIAN_POINT ( 'NONE',  ( -17.05160174744059631, 0.000000000000000000, 13.34855150234145071 ) ) ;
#613 = CARTESIAN_POINT ( 'NONE',  ( 20.60588353413724860, 9.280770596475917955E-14, -8.854183996984605898 ) ) ;
#614 = VERTEX_POINT ( 'NONE', #949 ) ;
#615 = CARTESIAN_POINT ( 'NONE',  ( 7.428580823040705994, 9.280770596475917955E-14, -20.34228469407172923 ) ) ;
#616 = CARTESIAN_POINT ( 'NONE',  ( -14.28941916244331445, -8.485281374238571317, 8.249999999999866773 ) ) ;
#617 = CARTESIAN_POINT ( 'NONE',  ( 0.000000000000000000, 1.000000000000000000, -10.50000000000000000 ) ) ;
#618 = VERTEX_POINT ( 'NONE', #915 ) ;
#619 = CARTESIAN_POINT ( 'NONE',  ( 2.265356432710395218, 9.280770596475917955E-14, 21.61398490215221102 ) ) ;
#620 = AXIS2_PLACEMENT_3D ( 'NONE', #1840, #2225, #1276 ) ;
#621 = CARTESIAN_POINT ( 'NONE',  ( 15.47880671103801120, 5.000000000000000000, 14.92083345263744931 ) ) ;
#622 = CARTESIAN_POINT ( 'NONE',  ( 21.53390239617869639, 5.000000000000000000, -0.3595334859219603829 ) ) ;
#623 = CARTESIAN_POINT ( 'NONE',  ( -19.71687866696198554, 5.000000000000000000, 10.89842960957054352 ) ) ;
#624 = CARTESIAN_POINT ( 'NONE',  ( -0.5342308938669430018, 5.000000000000000000, -22.34027540671333867 ) ) ;
#625 = CARTESIAN_POINT ( 'NONE',  ( -22.48065576699951507, 0.000000000000000000, -0.4806549054225557338 ) ) ;
#626 = FACE_BOUND ( 'NONE', #506, .T. ) ;
#627 = CARTESIAN_POINT ( 'NONE',  ( 8.665489830524490955, 5.000000000000000000, -20.59047153306172007 ) ) ;
#628 = AXIS2_PLACEMENT_3D ( 'NONE', #754, #1301, #1706 ) ;
#629 = CARTESIAN_POINT ( 'NONE',  ( -8.249999999999909406, 0.000000000000000000, 16.78941916244328780 ) ) ;
#630 = CARTESIAN_POINT ( 'NONE',  ( 18.59498551408303157, 0.000000000000000000, -11.43208890142673084 ) ) ;
#631 = ORIENTED_EDGE ( 'NONE', *, *, #384, .F. ) ;
#632 = CARTESIAN_POINT ( 'NONE',  ( 10.65400745747474254, 9.280770596475917955E-14, 19.26272096552388291 ) ) ;
#633 = CARTESIAN_POINT ( 'NONE',  ( 12.41621834269236935, 5.000000000000000000, 17.84768785554432569 ) ) ;
#634 = LINE ( 'NONE', #7, #1461 ) ;
#635 = ADVANCED_FACE ( 'NONE', ( #2391 ), #685, .F. ) ;
#636 = CARTESIAN_POINT ( 'NONE',  ( -19.14482188411757946, 5.000000000000000000, 11.52252055540692410 ) ) ;
#637 = CARTESIAN_POINT ( 'NONE',  ( 0.2812229978203656389, 5.000000000000000000, -21.84708887546637968 ) ) ;
#638 = CARTESIAN_POINT ( 'NONE',  ( 10.32487569298192298, 0.000000000000000000, 19.79908899539711697 ) ) ;
#639 = CARTESIAN_POINT ( 'NONE',  ( 1.399158968025850961E-15, 5.000000000000000000, -11.42500000000000071 ) ) ;
#640 = ADVANCED_BREP_SHAPE_REPRESENTATION ( 'inner_ring_3508', ( #1477, #1216 ), #2090 ) ;
#641 = CARTESIAN_POINT ( 'NONE',  ( 18.48412764836012911, 0.000000000000000000, -12.73938536082835071 ) ) ;
#642 = EDGE_LOOP ( 'NONE', ( #943, #179, #1828, #1641 ) ) ;
#643 = CARTESIAN_POINT ( 'NONE',  ( 5.322168119161678312, 9.280770596475917955E-14, 21.53547205477428506 ) ) ;
#644 = CARTESIAN_POINT ( 'NONE',  ( 7.578839670488319413, 5.000000000000000000, 20.37259739529097402 ) ) ;
#645 = CARTESIAN_POINT ( 'NONE',  ( 21.74705384844108735, 5.000000000000000000, -4.049888267308889844 ) ) ;
#646 = CARTESIAN_POINT ( 'NONE',  ( -21.19250070397577446, 5.000000000000000000, 6.632420303506307846 ) ) ;
#647 = CARTESIAN_POINT ( 'NONE',  ( -16.99637780158235500, 5.000000000000000000, -13.66056940116030205 ) ) ;
#648 = CARTESIAN_POINT ( 'NONE',  ( -0.2073999678892195497, 0.000000000000000000, 22.18615006526772859 ) ) ;
#649 = CARTESIAN_POINT ( 'NONE',  ( 13.05751571234681307, 5.000000000000000000, -17.84017766614782730 ) ) ;
#650 = CARTESIAN_POINT ( 'NONE',  ( 0.000000000000000000, 1.000000000000000888, 11.42500000000000071 ) ) ;
#651 = CARTESIAN_POINT ( 'NONE',  ( 21.50082892385609057, 5.000000000000000000, -0.05538574488906028437 ) ) ;
#652 = CARTESIAN_POINT ( 'NONE',  ( 16.77354824828158186, 0.000000000000000000, -14.11187666143775310 ) ) ;
#653 = ORIENTED_EDGE ( 'NONE', *, *, #1095, .T. ) ;
#654 = CARTESIAN_POINT ( 'NONE',  ( 12.76832621412308377, 9.280770596475917955E-14, 17.84035428018212954 ) ) ;
#655 = CARTESIAN_POINT ( 'NONE',  ( 14.28941916244325760, 5.000000000000000000, -11.24999999999996803 ) ) ;
#656 = CARTESIAN_POINT ( 'NONE',  ( -15.06923526613145370, 9.280770596475917955E-14, 16.07970270468554119 ) ) ;
#657 = CARTESIAN_POINT ( 'NONE',  ( -14.01969758497103591, 5.000000000000000000, -16.32995791162597143 ) ) ;
#658 = CARTESIAN_POINT ( 'NONE',  ( 5.070927419537053282, 0.000000000000000000, 21.74879153140291166 ) ) ;
#659 = CARTESIAN_POINT ( 'NONE',  ( 14.73166043600201114, 5.000000000000000000, -16.94085187504688861 ) ) ;
#660 = FACE_BOUND ( 'NONE', #192, .T. ) ;
#661 = EDGE_LOOP ( 'NONE', ( #276, #1997 ) ) ;
#662 = EDGE_CURVE ( 'NONE', #288, #2199, #169, .T. ) ;
#663 = CARTESIAN_POINT ( 'NONE',  ( 21.51955558330829632, 5.000000000000000000, -0.2743584981249997945 ) ) ;
#664 = CARTESIAN_POINT ( 'NONE',  ( 10.63703935626417696, 0.000000000000000000, -19.29854484198767040 ) ) ;
#665 = CARTESIAN_POINT ( 'NONE',  ( 17.77431537107537096, 5.000000000000000000, 13.68667991065372114 ) ) ;
#666 = CARTESIAN_POINT ( 'NONE',  ( 22.17414520892172902, 5.000000000000000000, 3.419701894129210995 ) ) ;
#667 = AXIS2_PLACEMENT_3D ( 'NONE', #616, #2149, #1373 ) ;
#668 = CARTESIAN_POINT ( 'NONE',  ( -16.70703295257997212, 9.280770596475917955E-14, 15.05430691143623179 ) ) ;
#669 = CARTESIAN_POINT ( 'NONE',  ( -19.92336198037230588, 5.000000000000000000, -10.36435507865290795 ) ) ;
#670 = CARTESIAN_POINT ( 'NONE',  ( -12.75667528841644227, 5.000000000000000000, -18.32699083495355552 ) ) ;
#671 = CARTESIAN_POINT ( 'NONE',  ( -3.897493453557453691, 0.000000000000000000, 21.12595805102347057 ) ) ;
#672 = CARTESIAN_POINT ( 'NONE',  ( 11.60428559088120259, 9.280770596475917955E-14, -18.07696747765414713 ) ) ;
#673 = LINE ( 'NONE', #505, #1859 ) ;
#674 = ORIENTED_EDGE ( 'NONE', *, *, #4, .F. ) ;
#675 = CARTESIAN_POINT ( 'NONE',  ( 21.74705384844108735, 5.000000000000000000, -4.049888267308889844 ) ) ;
#676 = CARTESIAN_POINT ( 'NONE',  ( -5.479899183540631213, 0.000000000000000000, -21.35853008466362013 ) ) ;
#677 = EDGE_CURVE ( 'NONE', #483, #172, #25, .T. ) ;
#678 = CARTESIAN_POINT ( 'NONE',  ( 14.92730865874757029, 5.000000000000000000, 16.60326787570295082 ) ) ;
#679 = CARTESIAN_POINT ( 'NONE',  ( 21.79830392669052941, 5.000000000000000000, 1.042889142952001080 ) ) ;
#680 = CARTESIAN_POINT ( 'NONE',  ( -16.90551775144237467, 5.000000000000000000, 14.60243460460722886 ) ) ;
#681 = CARTESIAN_POINT ( 'NONE',  ( -21.84680434216278044, 5.000000000000000000, -4.726329942485262059 ) ) ;
#682 = CARTESIAN_POINT ( 'NONE',  ( -14.01969758497103591, 5.000000000000000000, -16.32995791162597143 ) ) ;
#683 = CARTESIAN_POINT ( 'NONE',  ( -5.725817035700059954, 0.000000000000000000, 21.43962851368825895 ) ) ;
#684 = CARTESIAN_POINT ( 'NONE',  ( 10.30344835115024260, 5.000000000000000000, -19.82395295060691254 ) ) ;
#685 = CYLINDRICAL_SURFACE ( 'NONE', #385, 0.5000000000000004441 ) ;
#686 = ORIENTED_EDGE ( 'NONE', *, *, #2190, .T. ) ;
#687 = DIRECTION ( 'NONE',  ( 0.8660254037844432595, 0.000000000000000000, -0.4999999999999920064 ) ) ;
#688 = CARTESIAN_POINT ( 'NONE',  ( 14.73166043600201114, 0.000000000000000000, -16.94085187504688861 ) ) ;
#689 = CARTESIAN_POINT ( 'NONE',  ( 13.44382720273177867, 9.280770596475917955E-14, 17.79193137138471670 ) ) ;
#690 = DIRECTION ( 'NONE',  ( 0.000000000000000000, 1.000000000000000000, 0.000000000000000000 ) ) ;
#691 = CARTESIAN_POINT ( 'NONE',  ( -16.98606009937788031, 9.280770596475917955E-14, 14.14222531095846946 ) ) ;
#692 = CARTESIAN_POINT ( 'NONE',  ( -21.65216529524314382, 5.000000000000000000, -6.061707092074206216 ) ) ;
#693 = CARTESIAN_POINT ( 'NONE',  ( -16.73635184447445567, 9.280770596475917955E-14, -15.06162109060031185 ) ) ;
#694 = CARTESIAN_POINT ( 'NONE',  ( 21.02084956596591425, 0.000000000000000000, 6.978393404860816496 ) ) ;
#695 = CARTESIAN_POINT ( 'NONE',  ( 16.43207818366992257, 5.000000000000000000, -14.21048366289349296 ) ) ;
#696 = EDGE_LOOP ( 'NONE', ( #1589, #1068, #2307, #1407 ) ) ;
#697 = CARTESIAN_POINT ( 'NONE',  ( 17.09131436487689371, 5.000000000000000000, -14.03015730062688959 ) ) ;
#698 = CARTESIAN_POINT ( 'NONE',  ( 1.085181931284307399, 0.000000000000000000, -21.45468138306470962 ) ) ;
#699 = ORIENTED_EDGE ( 'NONE', *, *, #1558, .F. ) ;
#700 = CARTESIAN_POINT ( 'NONE',  ( 18.92239263677372207, 5.000000000000000000, 10.18498788365920760 ) ) ;
#701 = CARTESIAN_POINT ( 'NONE',  ( 21.51797157785674841, 5.000000000000000000, 0.2670660802177913240 ) ) ;
#702 = CARTESIAN_POINT ( 'NONE',  ( -18.28923899199372016, 9.280770596475917955E-14, 11.94624421582729390 ) ) ;
#703 = CARTESIAN_POINT ( 'NONE',  ( -22.31129565663730574, 5.000000000000000000, -0.9462451246104139901 ) ) ;
#704 = EDGE_CURVE ( 'NONE', #2380, #1291, #1717, .T. ) ;
#705 = CARTESIAN_POINT ( 'NONE',  ( -11.89975127608518690, 5.000000000000000000, -19.13990222509078976 ) ) ;
#706 = CARTESIAN_POINT ( 'NONE',  ( 22.17414520892172902, 0.000000000000000000, 3.419701894129210995 ) ) ;
#707 = ORIENTED_EDGE ( 'NONE', *, *, #1990, .F. ) ;
#708 = CARTESIAN_POINT ( 'NONE',  ( 16.43207818366992257, 5.000000000000000000, -14.21048366289349296 ) ) ;
#709 = CARTESIAN_POINT ( 'NONE',  ( -19.95658603595282798, 0.000000000000000000, -9.403584096272473047 ) ) ;
#710 = ORIENTED_EDGE ( 'NONE', *, *, #2272, .T. ) ;
#711 = CARTESIAN_POINT ( 'NONE',  ( 21.02084956596591425, 5.000000000000000000, 6.978393404860816496 ) ) ;
#712 = CARTESIAN_POINT ( 'NONE',  ( 0.000000000000000000, 0.000000000000000000, -10.50000000000000000 ) ) ;
#713 = CARTESIAN_POINT ( 'NONE',  ( -2.397195938165582074, 5.000000000000000000, 22.16217479771836452 ) ) ;
#714 = CARTESIAN_POINT ( 'NONE',  ( -19.98440046001503489, 5.000000000000000000, -10.01786800825035151 ) ) ;
#715 = CARTESIAN_POINT ( 'NONE',  ( -21.87524447582766030, 5.000000000000000000, -5.078219245576548246 ) ) ;
#716 = CARTESIAN_POINT ( 'NONE',  ( 18.71659826940244997, 0.000000000000000000, 10.57271996977611472 ) ) ;
#717 = CARTESIAN_POINT ( 'NONE',  ( -12.39134575125369331, 0.000000000000000000, -18.80266724927511390 ) ) ;
#718 = EDGE_LOOP ( 'NONE', ( #1484, #1710, #2450, #1058 ) ) ;
#719 = B_SPLINE_CURVE_WITH_KNOTS ( 'NONE', 4,
 ( #414, #787, #592, #2137, #1200, #1753, #2306, #2125, #1547, #1960, #402, #604, #1937, #241, #226, #252, #984, #2342, #430, #2330, #1009, #1189, #40, #973, #65, #1160, #800, #1561, #1349, #1924, #997, #213, #455, #1739, #2161, #1725, #27, #1765, #2318, #1776, #53, #812, #1574, #630, #825, #1588, #1913, #641, #957, #13, #770, #1531, #652, #2367, #303, #126, #1225, #2394, #508, #876, #2200, #1650, #688, #1801, #1446, #1409, #78, #316, #264, #2174, #1261, #1987, #468, #2211, #664, #1612, #278, #863, #1423, #2026, #494, #116, #837, #1034, #1601, #1248, #888, #2188, #1640, #482, #90, #1069, #1827, #1237, #2382, #2222, #2406, #1973, #698, #2355, #1838, #1790, #849, #1459, #1999, #1211, #1024, #290, #1046, #1434, #1814, #2011, #1057, #102, #1628, #676, #942, #909, #1674, #2084, #521, #2452, #1090, #187, #753, #371, #1281, #2239, #1470, #150, #2429, #550, #1480, #561, #717, #1709, #1685, #930, #1129, #2463, #2264, #1899, #1273, #730, #540, #2231, #1292, #2060, #2048, #1514, #347, #2037, #1696, #326, #1885, #1317, #2070, #530, #1080, #357, #1103, #1492, #709, #1502, #173, #336, #1860, #1848, #1872, #138, #897, #1664, #2421, #161, #919, #2440, #2254, #1304, #1116, #742, #1761, #1344, #980, #573, #967, #625, #2326, #424, #199, #953, #1721, #1356, #37, #247, #821, #1542, #1330, #1750, #1772, #1184, #1142, #2121, #795, #765, #1933, #1384, #2108, #2146, #10, #61, #222, #1555, #1569, #1004, #397, #2096, #410, #2314, #1168, #386, #1155, #1526, #48, #612, #2288, #438, #808, #588, #1921, #208, #1734, #1368, #2133, #2276, #1945, #236, #21, #1196, #1909, #1957, #782, #2303, #600, #992, #2168, #1621, #489, #1785, #477, #1066, #1441, #1053, #73, #285, #1404, #844, #1809, #832, #111, #1243, #2350, #683, #451, #1796, #1017, #273, #671, #503, #1596, #298, #871, #2006, #97, #2377, #1968, #1207, #648, #1041, #2338, #1030, #2389, #461, #1635, #1219, #1982, #1823, #85, #1607, #2362, #1232, #658, #2206, #857, #1994, #2157, #1416, #2183, #1429, #2196, #1256, #2020, #312, #1834, #123, #1583, #638, #1395, #259, #1315, #1647, #2082, #2218, #1882, #2229, #1455, #2069, #2033, #1114, #346, #1270, #171, #1101, #2263, #1870, #2438, #334, #134, #516, #368, #1280, #2046, #2449, #884, #741, #1897, #1127, #2402, #1672, #927, #1467, #917, #1695, #716, #1088, #1857, #528, #1501, #1845, #147, #907, #1683, #2428, #560, #1478, #694, #2057, #1303, #323, #1076, #895, #2238, #1660, #2417, #537, #1290, #706, #159, #727, #1490, #2251, #549, #355, #2462, #764, #979, #778, #423, #409, #1568, #1167, #1748, #599, #1931, #436 ),
 .UNSPECIFIED., .F., .F.,
 ( 5, 1, 1, 1, 1, 1, 1, 1, 1, 1, 1, 1, 1, 1, 1, 1, 1, 1, 1, 1, 1, 1, 1, 1, 1, 1, 1, 1, 1, 1, 1, 1, 1, 1, 1, 1, 1, 1, 1, 1, 1, 1, 1, 1, 1, 1, 1, 1, 1, 1, 1, 1, 1, 1, 1, 1, 1, 1, 1, 1, 1, 1, 1, 1, 1, 1, 1, 1, 1, 1, 1, 1, 1, 1, 1, 1, 1, 1, 1, 1, 1, 1, 1, 1, 1, 1, 1, 1, 1, 1, 1, 1, 1, 1, 1, 1, 1, 1, 1, 1, 1, 1, 1, 1, 1, 1, 1, 1, 1, 1, 1, 1, 1, 1, 1, 1, 1, 1, 1, 1, 1, 1, 1, 1, 1, 1, 1, 1, 1, 1, 1, 1, 1, 1, 1, 1, 1, 1, 1, 1, 1, 1, 1, 1, 1, 1, 1, 1, 1, 1, 1, 1, 1, 1, 1, 1, 1, 1, 1, 1, 1, 1, 1, 1, 1, 1, 1, 1, 1, 1, 1, 1, 1, 1, 1, 1, 1, 1, 1, 1, 1, 1, 1, 1, 1, 1, 1, 1, 1, 1, 1, 1, 1, 1, 1, 1, 1, 1, 1, 1, 1, 1, 1, 1, 1, 1, 1, 1, 1, 1, 1, 1, 1, 1, 1, 1, 1, 1, 1, 1, 1, 1, 1, 1, 1, 1, 1, 1, 1, 1, 1, 1, 1, 1, 1, 1, 1, 1, 1, 1, 1, 1, 1, 1, 1, 1, 1, 1, 1, 1, 1, 1, 1, 1, 1, 1, 1, 1, 1, 1, 1, 1, 1, 1, 1, 1, 1, 1, 1, 1, 1, 1, 1, 1, 1, 1, 1, 1, 1, 1, 1, 1, 1, 1, 1, 1, 1, 1, 1, 1, 1, 1, 1, 1, 1, 1, 1, 1, 1, 1, 1, 1, 1, 1, 1, 1, 1, 1, 1, 1, 1, 1, 1, 1, 1, 1, 1, 1, 1, 1, 1, 1, 1, 1, 1, 1, 1, 1, 1, 1, 1, 1, 1, 1, 1, 1, 1, 1, 1, 1, 1, 1, 1, 1, 1, 1, 1, 1, 1, 1, 1, 1, 1, 1, 1, 1, 1, 1, 1, 1, 1, 1, 1, 1, 1, 1, 1, 1, 1, 1, 1, 1, 1, 1, 1, 1, 1, 1, 1, 1, 5 ),
 ( 0.07358319050063265310, 0.07391494428098087377, 0.07424669806132898342, 0.07457845184167709307, 0.07491020562202531374, 0.07557371318272164407, 0.07623722074341797439, 0.07690072830411430471, 0.07756423586481063503, 0.07822774342550685434, 0.07889125098620318466, 0.07974345586852714385, 0.08059566075085121406, 0.08230007051549935448, 0.08400448028014749491, 0.08570889004479552431, 0.09046623902220383984, 0.09292792509979118376, 0.09538961117737852768, 0.09725037902088017050, 0.09911114686438181332, 0.1009719147078834561, 0.1028326825513852100, 0.1053035848955139325, 0.1077744872396426551, 0.1104221707454131479, 0.1130698542511836407, 0.1147701942807069914, 0.1164705343102304530, 0.1181708743397539146, 0.1198712143692772791, 0.1246169858670368308, 0.1270843161979869906, 0.1295516465289371366, 0.1314165903897449583, 0.1332815342505527800, 0.1351464781113606017, 0.1370114219721684234, 0.1394885714658881115, 0.1419657209596076886, 0.1446070263915363308, 0.1472483318234650840, 0.1489446318253860868, 0.1506409318273072007, 0.1523372318292283145, 0.1540335318311493173, 0.1564006318117731054, 0.1587677317923968934, 0.1637136454825361964, 0.1655827769213765732, 0.1674519083602169500, 0.1693210397990573268, 0.1711901712378975926, 0.1736735256503932900, 0.1761568800628890985, 0.1787917759339369139, 0.1814266718049847293, 0.1831189634302331504, 0.1848112550554815714, 0.1865035466807299924, 0.1881958383059785245, 0.1905571571925955832, 0.1929184760792127529, 0.1978757715512314830, 0.1997490588333817874, 0.2016223461155320917, 0.2034956333976823961, 0.2053689206798327005, 0.2078584368256146675, 0.2103479529713966345, 0.2129764077830099689, 0.2156048625946234143, 0.2172931792983251453, 0.2189814960020268764, 0.2206698127057286074, 0.2223581294094303384, 0.2247136735730947965, 0.2270692177367591991, 0.2320382162954202077, 0.2339155773710863695, 0.2357929384467525313, 0.2376702995224186932, 0.2395476605980848550, 0.2445389280867876769, 0.2471609104744459939, 0.2497828928621044220, 0.2514672698396306361, 0.2531516468171568501, 0.2548360237946830642, 0.2565204007722092783, 0.2588701782730259415, 0.2612199557738424938, 0.2660319215491134814, 0.2679959209447821955, 0.2699599203404509096, 0.2738879191317882267, 0.2787296121785418634, 0.2813450910633162882, 0.2839605699480906020, 0.2856410440400979356, 0.2873215181321052691, 0.2890019922241126027, 0.2906824663161200473, 0.2930264868936373057, 0.2953705074711546752, 0.3001936737564419033, 0.3021620220411179725, 0.3041303703257941526, 0.3060987186104703328, 0.3080670668951465130, 0.3129201767573976944, 0.3155291215026611029, 0.3181380662479244004, 0.3198146352168856899, 0.3214912041858469793, 0.3231677731548082688, 0.3248443421237695583, 0.3271826984342617317, 0.3295210547447539051, 0.3345248820174062665, 0.3364145049139949384, 0.3383041278105837213, 0.3420833736037611761, 0.3445970859010271115, 0.3471107981982929358, 0.3497131787706974082, 0.3510143690568997554, 0.3523155593431019916, 0.3539882257368144325, 0.3556608921305268733, 0.3573335585242393142, 0.3590062249179517551, 0.3636717842703333092, 0.3686871171433669936, 0.3705808366480762284, 0.3724745561527852411, 0.3762619951622035996, 0.3787816390987319703, 0.3813012830352603411, 0.3838970701690725962, 0.3864928573028847403, 0.3881616629957663767, 0.3898304686886481241, 0.3914992743815297604, 0.3931680800744113968, 0.3978225127601094924, 0.4028492941656073301, 0.4066449305349478793, 0.4104405669042883176, 0.4129660936480580302, 0.4154916203918278539, 0.4177167885559789351, 0.4199419567201300163, 0.4221671248842809865, 0.4243922930484320677, 0.4277951715355298168, 0.4311980500226275659, 0.4335237515459251512, 0.4358494530692227364, 0.4375172132357586507, 0.4391849734022944540, 0.4408527335688302573, 0.4425204937353660606, 0.4451144776259163827, 0.4477084615164667047, 0.4502297148015801387, 0.4527509680866935171, 0.4565406425256596790, 0.4584354797451427599, 0.4603303169646257853, 0.4653487780753022829, 0.4676800390328131884, 0.4700112999903242050, 0.4716829092164571136, 0.4733545184425899111, 0.4750261276687227641, 0.4766977368948557281, 0.4792983220507686104, 0.4818989072066814927, 0.4844142420783067449, 0.4869295769499318860, 0.4907110567893507858, 0.4926017967090602356, 0.4944925366287697965, 0.4994995074068354635, 0.5018363415265855165, 0.5041731756463355696, 0.5058486761570465395, 0.5075241766677575095, 0.5091996771784684794, 0.5108751776891794494, 0.5134823350829447186, 0.5160894924767098768, 0.5209457021901318097, 0.5229152367758600484, 0.5248847713615885091, 0.5268543059473168588, 0.5288238405330452085, 0.5336500533214506570, 0.5359925056760146411, 0.5383349580305786253, 0.5400143742564198490, 0.5416937904822609617, 0.5433732067081022965, 0.5450526229339435202, 0.5476663227251531429, 0.5502800225163629877, 0.5551248372774291173, 0.5570900226262210930, 0.5590552079750130687, 0.5610203933238051555, 0.5629855786725971312, 0.5678006038994812821, 0.5701488102309700823, 0.5724970165624588825, 0.5741803253533512841, 0.5758636341442436857, 0.5775469429351359762, 0.5792302517260283778, 0.5818504634264699549, 0.5844706751269114209, 0.5894652640525425147, 0.5913437375274442909, 0.5932222110023460671, 0.5951006844772478432, 0.5969791579521496194, 0.6019513407774537139, 0.6043053112815555128, 0.6066592817856572006, 0.6083465204139429927, 0.6100337590422286738, 0.6117209976705143548, 0.6134082362988000359, 0.6160349289344393409, 0.6186616215700786459, 0.6211528106357194767, 0.6236439997013604186, 0.6255183972639940526, 0.6273927948266277976, 0.6292671923892615427, 0.6311415899518951766, 0.6361020815457015809, 0.6384618247416001813, 0.6408215679374987817, 0.6425127720568849510, 0.6442039761762711203, 0.6458951802956572896, 0.6475863844150434590, 0.6502195266839877474, 0.6528526689529322580, 0.6553377082285681832, 0.6578227475042041084, 0.6596930228673757446, 0.6615632982305473808, 0.6634335735937190170, 0.6653038489568906533, 0.6702528252137653908, 0.6726183479340303029, 0.6749838706542952149, 0.6766790742036975503, 0.6783742777530997747, 0.6800694813025023322, 0.6817646848519046676, 0.6844042452774534713, 0.6870438057030023860, 0.6895226517437692548, 0.6920014977845364568, 0.6938675826755478226, 0.6957336675665590775, 0.6975997524575706654, 0.6994658373485820313, 0.7019347040695108619, 0.7044035707904395816, 0.7091461855550919013, 0.7108454206831996691, 0.7125446558113074369, 0.7142438909394153157, 0.7159431260675230835, 0.7185890731454379621, 0.7212350202233528407, 0.7237076305374373630, 0.7261802408515218854, 0.7280421464300210754, 0.7299040520085201544, 0.7317659575870194555, 0.7336278631655187565, 0.7385543174688328216, 0.7409314129496535895, 0.7433085084304741352, 0.7450118053909350335, 0.7467151023513957098, 0.7484183993118566081, 0.7501216962723172843, 0.7527739986114729831, 0.7554263009506285709, 0.7578926340057977606, 0.7603589670609669504, 0.7622167058981756949, 0.7640744447353846613, 0.7677899224098023723, 0.7702474933869792872, 0.7727050643641560912, 0.7750879496741523988, 0.7774708349841484845, 0.7791782220221435962, 0.7808856090601387079, 0.7825929960981338196, 0.7843003831361289313, 0.7869590095917446959, 0.7896176360473603495, 0.7920776512792048196, 0.7945376665110494008, 0.7963912525170423473, 0.7982448385230352939, 0.8000984245290282404, 0.8019520105350211869, 0.8044039103083949760, 0.8068558100817686540, 0.8092444852432926217, 0.8116331604048164783, 0.8133446637144268188, 0.8150561670240367151, 0.8167676703336469446, 0.8184791736432570630, 0.8211440934419514948, 0.8238090132406458155, 0.8262626710627840598, 0.8287163288849223042, 0.8305657774086158129, 0.8324152259323093217, 0.8342646744560027194, 0.8361141229796962282, 0.8385603381137036738, 0.8410065532477112304, 0.8434881743373521257, 0.8459697954269930209, 0.8477246917184451114, 0.8494795880098972019, 0.8512344843013492923, 0.8529893805928013828, 0.8554949919867650410, 0.8580006033807288102, 0.8604478651972004011, 0.8628951270136723251, 0.8647404549245693017, 0.8665857828354663894, 0.8684311107463634771, 0.8702764386572605648, 0.8727169573248911849, 0.8751574759925214719, 0.8775808505858915254, 0.8800042251792615788, 0.8818354882948361562, 0.8836667514104106225, 0.8854980145259851998, 0.8873292776415596661, 0.8897607684241546355, 0.8921922592067497160, 0.8946338027804036086, 0.8970753463540576123, 0.8989162144321762860, 0.9007570825102951817, 0.9025979505884139664, 0.9044388186665327511, 0.9068736306636635547, 0.9093084426607943582, 0.9141666361755639292, 0.9160026976001193200, 0.9169207283123969043, 0.9178387590246745997, 0.9187567897369522951, 0.9196748204492299905, 0.9205928511615076859, 0.9215108818737852703, 0.9227291429446539128, 0.9233382734800881231, 0.9239474040155224444, 0.9245565345509565436, 0.9251656650863907538, 0.9257747956218250751, 0.9263839261572593964 ),
 .UNSPECIFIED. ) ;
#720 = CARTESIAN_POINT ( 'NONE',  ( 19.79843673755888389, 9.280770596475917955E-14, 9.474596916628540200 ) ) ;
#721 = CYLINDRICAL_SURFACE ( 'NONE', #1967, 3.000000000000000888 ) ;
#722 = ORIENTED_EDGE ( 'NONE', *, *, #1283, .F. ) ;
#723 = CARTESIAN_POINT ( 'NONE',  ( -7.769557412483884207, 5.000000000000000000, 20.94955412080608426 ) ) ;
#724 = CARTESIAN_POINT ( 'NONE',  ( -13.15533550296624909, 5.000000000000000000, 17.28110959521696088 ) ) ;
#725 = CARTESIAN_POINT ( 'NONE',  ( 3.673940397442061840E-16, 0.000000000000000000, -19.50000000000000000 ) ) ;
#726 = CARTESIAN_POINT ( 'NONE',  ( -21.52151034254656992, 9.280770596475917955E-14, -3.835956348183114706 ) ) ;
#727 = CARTESIAN_POINT ( 'NONE',  ( 22.36842152426624608, 0.000000000000000000, 2.421033858417629858 ) ) ;
#728 = EDGE_LOOP ( 'NONE', ( #801, #699, #874, #151 ) ) ;
#729 = AXIS2_PLACEMENT_3D ( 'NONE', #1147, #543, #1334 ) ;
#730 = CARTESIAN_POINT ( 'NONE',  ( -15.10791553353767114, 0.000000000000000000, -16.07446617083381213 ) ) ;
#731 = ORIENTED_EDGE ( 'NONE', *, *, #369, .T. ) ;
#732 = EDGE_CURVE ( 'NONE', #391, #1115, #673, .T. ) ;
#733 = CARTESIAN_POINT ( 'NONE',  ( 21.05231046729996791, 5.000000000000000000, 4.786004887930734419 ) ) ;
#734 = CARTESIAN_POINT ( 'NONE',  ( -8.249999999999909406, 5.000000000000000000, 11.78941916244328780 ) ) ;
#735 = ORIENTED_EDGE ( 'NONE', *, *, #2456, .F. ) ;
#736 = CARTESIAN_POINT ( 'NONE',  ( -2.922921233017266474, 9.280770596475917955E-14, 21.72806499805557223 ) ) ;
#737 = CARTESIAN_POINT ( 'NONE',  ( -14.73457759027918534, 5.000000000000000000, 16.12056737286344088 ) ) ;
#738 = AXIS2_PLACEMENT_3D ( 'NONE', #2464, #2290, #1515 ) ;
#739 = DIRECTION ( 'NONE',  ( 0.000000000000000000, 0.000000000000000000, 1.000000000000000000 ) ) ;
#740 = CARTESIAN_POINT ( 'NONE',  ( -21.84680434216278044, 5.000000000000000000, -4.726329942485262059 ) ) ;
#741 = CARTESIAN_POINT ( 'NONE',  ( 17.77431537107537096, 0.000000000000000000, 13.68667991065372114 ) ) ;
#742 = CARTESIAN_POINT ( 'NONE',  ( -21.29929237583566604, 0.000000000000000000, -3.079506214171177092 ) ) ;
#743 = FACE_OUTER_BOUND ( 'NONE', #2027, .T. ) ;
#744 = CARTESIAN_POINT ( 'NONE',  ( 21.77197164214742031, 9.280770596475917955E-14, 4.023287517125750057 ) ) ;
#745 = DIRECTION ( 'NONE',  ( 0.000000000000000000, 0.000000000000000000, -1.000000000000000000 ) ) ;
#746 = EDGE_LOOP ( 'NONE', ( #279, #1134 ) ) ;
#747 = CARTESIAN_POINT ( 'NONE',  ( -0.5976047757816267403, 9.280770596475917955E-14, 22.37460024496218125 ) ) ;
#748 = CARTESIAN_POINT ( 'NONE',  ( -10.58865834637474101, 5.000000000000000000, 19.32110420884029978 ) ) ;
#749 = CARTESIAN_POINT ( 'NONE',  ( 0.000000000000000000, 0.000000000000000000, 0.000000000000000000 ) ) ;
#750 = CARTESIAN_POINT ( 'NONE',  ( -20.95539490747585987, 9.280770596475917955E-14, -6.838363024332214657 ) ) ;
#751 = CARTESIAN_POINT ( 'NONE',  ( 20.88881186571105886, 5.000000000000000000, -8.429787769716346801 ) ) ;
#752 = CARTESIAN_POINT ( 'NONE',  ( -14.28941916244331445, 0.000000000000000000, 11.24999999999986855 ) ) ;
#753 = CARTESIAN_POINT ( 'NONE',  ( -8.665300534411271016, 0.000000000000000000, -19.74894219727848821 ) ) ;
#754 = CARTESIAN_POINT ( 'NONE',  ( 8.249999999999909406, 0.000000000000000000, -14.28941916244328958 ) ) ;
#755 = CARTESIAN_POINT ( 'NONE',  ( -1.872484404168725192, 5.000000000000000000, -22.41022219827314288 ) ) ;
#756 = DIRECTION ( 'NONE',  ( -0.000000000000000000, 1.000000000000000000, -0.000000000000000000 ) ) ;
#757 = DIRECTION ( 'NONE',  ( -0.000000000000000000, 1.000000000000000000, -0.000000000000000000 ) ) ;
#758 = ORIENTED_EDGE ( 'NONE', *, *, #1749, .F. ) ;
#759 = CARTESIAN_POINT ( 'NONE',  ( -6.405616351157335409, 9.280770596475917955E-14, 21.51602309213578934 ) ) ;
#760 = CARTESIAN_POINT ( 'NONE',  ( -16.90551775144237467, 5.000000000000000000, 14.60243460460722886 ) ) ;
#761 = CARTESIAN_POINT ( 'NONE',  ( 21.58757288828434895, 9.280770596475917955E-14, -0.5709864164205591397 ) ) ;
#762 = CARTESIAN_POINT ( 'NONE',  ( -22.31129565663730574, 9.280770596475917955E-14, -0.9462451246104139901 ) ) ;
#763 = CARTESIAN_POINT ( 'NONE',  ( 6.921690770212228117, 5.000000000000000000, -20.33835843069436677 ) ) ;
#764 = CARTESIAN_POINT ( 'NONE',  ( 21.79830392669052941, 0.000000000000000000, 1.042889142952001080 ) ) ;
#765 = CARTESIAN_POINT ( 'NONE',  ( -21.19250070397577446, 0.000000000000000000, 6.632420303506307846 ) ) ;
#766 = LINE ( 'NONE', #2453, #899 ) ;
#767 = AXIS2_PLACEMENT_3D ( 'NONE', #1083, #840, #2358 ) ;
#768 = CARTESIAN_POINT ( 'NONE',  ( -5.169132806799521695, 9.280770596475917955E-14, -21.23396394726156444 ) ) ;
#769 = CARTESIAN_POINT ( 'NONE',  ( 21.50000000000001066, 5.000000000000000000, 0.02279564771541051776 ) ) ;
#770 = CARTESIAN_POINT ( 'NONE',  ( 17.52486614424552158, 0.000000000000000000, -13.86213788554044868 ) ) ;
#771 = VERTEX_POINT ( 'NONE', #2008 ) ;
#772 = CARTESIAN_POINT ( 'NONE',  ( 8.890919825094563578, 5.000000000000000000, 20.57649637958716937 ) ) ;
#773 = CARTESIAN_POINT ( 'NONE',  ( -9.873174211188187499, 5.000000000000000000, 19.25886426171020815 ) ) ;
#774 = DIRECTION ( 'NONE',  ( 0.000000000000000000, 0.000000000000000000, -1.000000000000000000 ) ) ;
#775 = CARTESIAN_POINT ( 'NONE',  ( -21.27523619974635949, 5.000000000000000000, 2.953572409493871120 ) ) ;
#776 = AXIS2_PLACEMENT_3D ( 'NONE', #387, #1736, #1157 ) ;
#777 = CARTESIAN_POINT ( 'NONE',  ( 14.73166043600201114, 5.000000000000000000, -16.94085187504688861 ) ) ;
#778 = CARTESIAN_POINT ( 'NONE',  ( 21.64883228469616583, 0.000000000000000000, 0.7428700076874411584 ) ) ;
#779 = ADVANCED_FACE ( 'NONE', ( #2055 ), #2198, .F. ) ;
#780 = AXIS2_PLACEMENT_3D ( 'NONE', #1358, #1199, #240 ) ;
#781 = CIRCLE ( 'NONE', #2375, 2.499999999999998668 ) ;
#782 = CARTESIAN_POINT ( 'NONE',  ( -12.93276482421152629, 0.000000000000000000, 17.92938000874977433 ) ) ;
#783 = CARTESIAN_POINT ( 'NONE',  ( 18.62104051834953111, 5.000000000000000000, -12.06868843539179537 ) ) ;
#784 = CARTESIAN_POINT ( 'NONE',  ( 21.50000000000001066, 5.000000000000000000, -8.470329472543003391E-18 ) ) ;
#785 = CARTESIAN_POINT ( 'NONE',  ( 5.498217892342131208, 5.000000000000000000, -21.34390970333198112 ) ) ;
#786 = CARTESIAN_POINT ( 'NONE',  ( 21.50102979845324569, 5.000000000000000000, 0.06770472310909815550 ) ) ;
#787 = CARTESIAN_POINT ( 'NONE',  ( 21.50120042528665465, 0.000000000000000000, -0.06779549196591572180 ) ) ;
#788 = VERTEX_POINT ( 'NONE', #1055 ) ;
#789 = CARTESIAN_POINT ( 'NONE',  ( 4.294081650227393965, 9.280770596475917955E-14, 22.11590148708446080 ) ) ;
#790 = CARTESIAN_POINT ( 'NONE',  ( 11.64908305855899329, 5.000000000000000000, 18.05325092785804486 ) ) ;
#791 = CARTESIAN_POINT ( 'NONE',  ( 21.50082892385609057, 5.000000000000000000, -0.05538574488906028437 ) ) ;
#792 = CARTESIAN_POINT ( 'NONE',  ( -22.52981702351516802, 9.280770596475917955E-14, 0.03256193030718812498 ) ) ;
#793 = CARTESIAN_POINT ( 'NONE',  ( -15.39601932535161666, 5.000000000000000000, -16.01595173253378590 ) ) ;
#794 = DIRECTION ( 'NONE',  ( -0.000000000000000000, 1.000000000000000000, -0.000000000000000000 ) ) ;
#795 = CARTESIAN_POINT ( 'NONE',  ( -21.41310470233255003, 0.000000000000000000, 6.393941277939610757 ) ) ;
#796 = CARTESIAN_POINT ( 'NONE',  ( 20.84397072531237072, 9.280770596475917955E-14, -5.203399706078709386 ) ) ;
#797 = DIRECTION ( 'NONE',  ( 0.000000000000000000, 0.000000000000000000, 1.000000000000000000 ) ) ;
#798 = CARTESIAN_POINT ( 'NONE',  ( 7.883936963233164619, 5.000000000000000000, -20.44276140157766619 ) ) ;
#799 = DIRECTION ( 'NONE',  ( -0.000000000000000000, 1.000000000000000000, -0.000000000000000000 ) ) ;
#800 = CARTESIAN_POINT ( 'NONE',  ( 20.74980542453518240, 0.000000000000000000, -5.647420164813633292 ) ) ;
#801 = ORIENTED_EDGE ( 'NONE', *, *, #1360, .F. ) ;
#802 = CARTESIAN_POINT ( 'NONE',  ( 2.866674117458312132, 9.280770596475917955E-14, 21.93313288342764622 ) ) ;
#803 = CARTESIAN_POINT ( 'NONE',  ( 8.423854169138138559, 5.000000000000000000, 20.57734720879660273 ) ) ;
#804 = CARTESIAN_POINT ( 'NONE',  ( 21.51955558330829632, 5.000000000000000000, -0.2743584981249997945 ) ) ;
#805 = CARTESIAN_POINT ( 'NONE',  ( -19.87004465647144258, 9.280770596475917955E-14, 8.161827089493092657 ) ) ;
#806 = CARTESIAN_POINT ( 'NONE',  ( 5.498217892342131208, 5.000000000000000000, -21.34390970333198112 ) ) ;
#807 = CARTESIAN_POINT ( 'NONE',  ( 0.000000000000000000, 1.000000000000000000, -10.50000000000000000 ) ) ;
#808 = CARTESIAN_POINT ( 'NONE',  ( -16.90551775144237467, 0.000000000000000000, 14.60243460460722886 ) ) ;
#809 = CARTESIAN_POINT ( 'NONE',  ( 20.88881186571105886, 9.280770596475917955E-14, -8.429787769716346801 ) ) ;
#810 = DIRECTION ( 'NONE',  ( 0.000000000000000000, 0.000000000000000000, 1.000000000000000000 ) ) ;
#811 = PLANE ( 'NONE',  #1097 ) ;
#812 = CARTESIAN_POINT ( 'NONE',  ( 18.69002546553173616, 0.000000000000000000, -10.64040892587271081 ) ) ;
#813 = EDGE_CURVE ( 'NONE', #480, #2230, #1623, .T. ) ;
#814 = CIRCLE ( 'NONE', #1771, 3.000000000000000888 ) ;
#815 = CARTESIAN_POINT ( 'NONE',  ( 11.64908305855899329, 5.000000000000000000, 18.05325092785804486 ) ) ;
#816 = AXIS2_PLACEMENT_3D ( 'NONE', #1195, #1760, #952 ) ;
#817 = CARTESIAN_POINT ( 'NONE',  ( 5.070927419537053282, 5.000000000000000000, 21.74879153140291166 ) ) ;
#818 = CARTESIAN_POINT ( 'NONE',  ( 14.28941916244320254, 0.000000000000000000, 8.250000000000067502 ) ) ;
#819 = CARTESIAN_POINT ( 'NONE',  ( -19.41051621454474230, 5.000000000000000000, 11.28617828434465409 ) ) ;
#820 = CARTESIAN_POINT ( 'NONE',  ( -2.327591545651179317, 5.000000000000000000, -22.21746075309117785 ) ) ;
#821 = CARTESIAN_POINT ( 'NONE',  ( -21.27523619974635949, 0.000000000000000000, 2.953572409493871120 ) ) ;
#822 = CARTESIAN_POINT ( 'NONE',  ( 18.88918604690723768, 5.000000000000000000, -10.23256772498891465 ) ) ;
#823 = PLANE ( 'NONE',  #1702 ) ;
#824 = DIRECTION ( 'NONE',  ( 0.000000000000000000, 1.000000000000000000, 0.000000000000000000 ) ) ;
#825 = CARTESIAN_POINT ( 'NONE',  ( 18.61748707698936656, 0.000000000000000000, -11.77032078608686128 ) ) ;
#826 = EDGE_CURVE ( 'NONE', #2320, #771, #1784, .T. ) ;
#827 = CARTESIAN_POINT ( 'NONE',  ( 7.578839670488319413, 9.280770596475917955E-14, 20.37259739529097402 ) ) ;
#828 = CARTESIAN_POINT ( 'NONE',  ( 13.44382720273177867, 5.000000000000000000, 17.79193137138471670 ) ) ;
#829 = CARTESIAN_POINT ( 'NONE',  ( 21.02612632579967666, 9.280770596475917955E-14, -4.826745306682585834 ) ) ;
#830 = CARTESIAN_POINT ( 'NONE',  ( -21.84901569971967206, 9.280770596475917955E-14, 4.650092570530846459 ) ) ;
#831 = CARTESIAN_POINT ( 'NONE',  ( -17.00544006183023527, 5.000000000000000000, -14.33064164999844436 ) ) ;
#832 = CARTESIAN_POINT ( 'NONE',  ( -7.377363339387269292, 0.000000000000000000, 21.24677405319496870 ) ) ;
#833 = CARTESIAN_POINT ( 'NONE',  ( 13.52044579259198898, 5.000000000000000000, -17.78670727427943632 ) ) ;
#834 = CARTESIAN_POINT ( 'NONE',  ( 14.28941916244320254, 5.000000000000000000, 11.25000000000006928 ) ) ;
#835 = CARTESIAN_POINT ( 'NONE',  ( 2.760125969319107586, 5.000000000000000000, -21.88866197609809561 ) ) ;
#836 = CARTESIAN_POINT ( 'NONE',  ( 21.58757288828434895, 5.000000000000000000, -0.5709864164205591397 ) ) ;
#837 = CARTESIAN_POINT ( 'NONE',  ( 7.883936963233164619, 0.000000000000000000, -20.44276140157766619 ) ) ;
#838 = EDGE_LOOP ( 'NONE', ( #1108, #1432, #1974, #2088 ) ) ;
#839 = CARTESIAN_POINT ( 'NONE',  ( 15.28347244000996774, 5.000000000000000000, 15.29358678437271912 ) ) ;
#840 = DIRECTION ( 'NONE',  ( -0.000000000000000000, 1.000000000000000000, -0.000000000000000000 ) ) ;
#841 = CARTESIAN_POINT ( 'NONE',  ( -15.98887339193418988, 5.000000000000000000, 15.76212794531016748 ) ) ;
#842 = CARTESIAN_POINT ( 'NONE',  ( 1.085181931284307399, 5.000000000000000000, -21.45468138306470962 ) ) ;
#843 = EDGE_CURVE ( 'NONE', #391, #88, #1094, .T. ) ;
#844 = CARTESIAN_POINT ( 'NONE',  ( -8.063173052550762776, 0.000000000000000000, 20.58865187393976370 ) ) ;
#845 = CARTESIAN_POINT ( 'NONE',  ( 13.52044579259198898, 9.280770596475917955E-14, -17.78670727427943632 ) ) ;
#846 = FACE_BOUND ( 'NONE', #2049, .T. ) ;
#847 = ORIENTED_EDGE ( 'NONE', *, *, #570, .F. ) ;
#848 = DIRECTION ( 'NONE',  ( 0.000000000000000000, 0.000000000000000000, 1.000000000000000000 ) ) ;
#849 = CARTESIAN_POINT ( 'NONE',  ( -0.2392254170999260909, 0.000000000000000000, -22.20380806197471912 ) ) ;
#850 = CARTESIAN_POINT ( 'NONE',  ( 15.11127163087716241, 9.280770596475917955E-14, 15.99978488622672401 ) ) ;
#851 = CARTESIAN_POINT ( 'NONE',  ( 21.28757890596713054, 5.000000000000000000, 4.490419955212656689 ) ) ;
#852 = AXIS2_PLACEMENT_3D ( 'NONE', #191, #1701, #2243 ) ;
#853 = CARTESIAN_POINT ( 'NONE',  ( -12.93276482421152629, 5.000000000000000000, 17.92938000874977433 ) ) ;
#854 = CARTESIAN_POINT ( 'NONE',  ( -21.80935849464485798, 5.000000000000000000, 5.646969613588339598 ) ) ;
#855 = CARTESIAN_POINT ( 'NONE',  ( -15.10791553353767114, 5.000000000000000000, -16.07446617083381213 ) ) ;
#856 = EDGE_CURVE ( 'NONE', #1161, #1223, #519, .T. ) ;
#857 = CARTESIAN_POINT ( 'NONE',  ( 5.523491298150688067, 0.000000000000000000, 21.31355679212077803 ) ) ;
#858 = CARTESIAN_POINT ( 'NONE',  ( 14.91287243695813380, 5.000000000000000000, -16.63260165039304184 ) ) ;
#859 = PLANE ( 'NONE',  #309 ) ;
#860 = EDGE_LOOP ( 'NONE', ( #847, #1673 ) ) ;
#861 = LINE ( 'NONE', #1600, #269 ) ;
#862 = VECTOR ( 'NONE', #399, 1000.000000000000000 ) ;
#863 = CARTESIAN_POINT ( 'NONE',  ( 10.05112590917946847, 0.000000000000000000, -20.07604883320758660 ) ) ;
#864 = ORIENTED_EDGE ( 'NONE', *, *, #295, .F. ) ;
#865 = AXIS2_PLACEMENT_3D ( 'NONE', #1546, #2317, #1173 ) ;
#866 = CARTESIAN_POINT ( 'NONE',  ( 18.33237370132062694, 9.280770596475917955E-14, 13.06061107704994484 ) ) ;
#867 = CARTESIAN_POINT ( 'NONE',  ( 21.50000000000001066, 5.000000000000000000, 0.02279564771541051776 ) ) ;
#868 = CARTESIAN_POINT ( 'NONE',  ( -12.73913520582318171, 5.000000000000000000, 18.35356778509089182 ) ) ;
#869 = CARTESIAN_POINT ( 'NONE',  ( -19.14321624718067483, 5.000000000000000000, -11.54799085599770336 ) ) ;
#870 = CARTESIAN_POINT ( 'NONE',  ( -15.10791553353767114, 9.280770596475917955E-14, -16.07446617083381213 ) ) ;
#871 = CARTESIAN_POINT ( 'NONE',  ( -2.683863792343782251, 0.000000000000000000, 21.95213546304658081 ) ) ;
#872 = CARTESIAN_POINT ( 'NONE',  ( 15.74311396507290262, 9.280770596475917955E-14, -14.61588346854642850 ) ) ;
#873 = DIRECTION ( 'NONE',  ( -0.000000000000000000, 1.000000000000000000, -0.000000000000000000 ) ) ;
#874 = ORIENTED_EDGE ( 'NONE', *, *, #68, .T. ) ;
#875 = CARTESIAN_POINT ( 'NONE',  ( 21.97285664383753456, 5.000000000000000000, -3.776758231063320537 ) ) ;
#876 = CARTESIAN_POINT ( 'NONE',  ( 15.10382500313026455, 0.000000000000000000, -16.03872553862217387 ) ) ;
#877 = VERTEX_POINT ( 'NONE', #725 ) ;
#878 = EDGE_CURVE ( 'NONE', #2162, #1305, #1880, .T. ) ;
#879 = CARTESIAN_POINT ( 'NONE',  ( 18.62411831253859518, 9.280770596475917955E-14, 11.99110712536031720 ) ) ;
#880 = CARTESIAN_POINT ( 'NONE',  ( 20.84355583252543198, 5.000000000000000000, 8.492539021897748341 ) ) ;
#881 = CARTESIAN_POINT ( 'NONE',  ( -17.94723619457273855, 5.000000000000000000, 12.11000861407793394 ) ) ;
#882 = CARTESIAN_POINT ( 'NONE',  ( -20.00560769983144382, 5.000000000000000000, 9.944334415332775734 ) ) ;
#883 = CARTESIAN_POINT ( 'NONE',  ( -13.64557217329655536, 9.280770596475917955E-14, -16.58642694311949484 ) ) ;
#884 = CARTESIAN_POINT ( 'NONE',  ( 17.45226867970450968, 0.000000000000000000, 13.88641541379071853 ) ) ;
#885 = CARTESIAN_POINT ( 'NONE',  ( 15.10382500313026455, 9.280770596475917955E-14, -16.03872553862217387 ) ) ;
#886 = VERTEX_POINT ( 'NONE', #1124 ) ;
#887 = CARTESIAN_POINT ( 'NONE',  ( 10.63703935626417696, 5.000000000000000000, -19.29854484198767040 ) ) ;
#888 = CARTESIAN_POINT ( 'NONE',  ( 5.973369427709994461, 0.000000000000000000, -20.80920466506381317 ) ) ;
#889 = ORIENTED_EDGE ( 'NONE', *, *, #340, .T. ) ;
#890 = CARTESIAN_POINT ( 'NONE',  ( 18.50284236186318054, 5.000000000000000000, 12.69321652788445398 ) ) ;
#891 = CARTESIAN_POINT ( 'NONE',  ( 20.76145047374376773, 5.000000000000000000, 5.564770662496996145 ) ) ;
#892 = CARTESIAN_POINT ( 'NONE',  ( -17.20525335778926745, 5.000000000000000000, 12.86528232331554911 ) ) ;
#893 = CARTESIAN_POINT ( 'NONE',  ( -19.84314350538611649, 5.000000000000000000, -8.704841324383583157 ) ) ;
#894 = CARTESIAN_POINT ( 'NONE',  ( -15.79794070015035068, 9.280770596475917955E-14, -15.87856579311346827 ) ) ;
#895 = CARTESIAN_POINT ( 'NONE',  ( 20.86628673042814341, 0.000000000000000000, 5.145902190276689936 ) ) ;
#896 = CARTESIAN_POINT ( 'NONE',  ( 8.203134167590837578, 5.000000000000000000, -20.52532851353633703 ) ) ;
#897 = CARTESIAN_POINT ( 'NONE',  ( -21.37077574553548232, 0.000000000000000000, -6.470366781977393345 ) ) ;
#898 = ORIENTED_EDGE ( 'NONE', *, *, #704, .F. ) ;
#899 = VECTOR ( 'NONE', #358, 1000.000000000000000 ) ;
#900 = CARTESIAN_POINT ( 'NONE',  ( 21.59784430326507376, 9.280770596475917955E-14, 0.6046288794738466921 ) ) ;
#901 = DIRECTION ( 'NONE',  ( -0.000000000000000000, 1.000000000000000000, -0.000000000000000000 ) ) ;
#902 = CIRCLE ( 'NONE', #1495, 3.000000000000000888 ) ;
#903 = CARTESIAN_POINT ( 'NONE',  ( 0.6443483016888433834, 5.000000000000000000, 21.62409172937933377 ) ) ;
#904 = CIRCLE ( 'NONE', #1981, 3.000000000000000888 ) ;
#905 = CARTESIAN_POINT ( 'NONE',  ( -19.95658603595282798, 5.000000000000000000, -9.403584096272473047 ) ) ;
#906 = CARTESIAN_POINT ( 'NONE',  ( -10.09233983175401761, 5.000000000000000000, -19.26889937608049408 ) ) ;
#907 = CARTESIAN_POINT ( 'NONE',  ( 20.62332058318116523, 0.000000000000000000, 8.831594486045741377 ) ) ;
#908 = ORIENTED_EDGE ( 'NONE', *, *, #586, .T. ) ;
#909 = CARTESIAN_POINT ( 'NONE',  ( -6.080084768685383168, 0.000000000000000000, -21.50617286497544001 ) ) ;
#910 = ORIENTED_EDGE ( 'NONE', *, *, #1852, .T. ) ;
#911 = CARTESIAN_POINT ( 'NONE',  ( 20.36251013883436300, 5.000000000000000000, 9.105298428647319753 ) ) ;
#912 = CARTESIAN_POINT ( 'NONE',  ( 1.285879139104720831E-15, 0.000000000000000000, 10.50000000000000000 ) ) ;
#913 = CARTESIAN_POINT ( 'NONE',  ( -3.188279445688513292, 9.280770596475917955E-14, 21.49261267939214193 ) ) ;
#914 = CARTESIAN_POINT ( 'NONE',  ( -18.87060187290206059, 5.000000000000000000, 11.69813387989780118 ) ) ;
#915 = CARTESIAN_POINT ( 'NONE',  ( 0.000000000000000000, 0.000000000000000000, -13.50000000000000000 ) ) ;
#916 = CARTESIAN_POINT ( 'NONE',  ( -19.99015636153322717, 5.000000000000000000, -7.854878416038097555 ) ) ;
#917 = CARTESIAN_POINT ( 'NONE',  ( 18.59245527667627229, 0.000000000000000000, 11.34261698305171429 ) ) ;
#918 = ADVANCED_FACE ( 'NONE', ( #2249 ), #546, .F. ) ;
#919 = CARTESIAN_POINT ( 'NONE',  ( -21.84680434216278044, 0.000000000000000000, -4.726329942485262059 ) ) ;
#920 = ORIENTED_EDGE ( 'NONE', *, *, #1468, .F. ) ;
#921 = CARTESIAN_POINT ( 'NONE',  ( 21.96563408400492534, 5.000000000000000000, 1.318335744435642054 ) ) ;
#922 = CARTESIAN_POINT ( 'NONE',  ( 14.28941916244320254, 0.000000000000000000, 11.25000000000006928 ) ) ;
#923 = CARTESIAN_POINT ( 'NONE',  ( -8.239077219261456975, 5.000000000000000000, 20.31145505274677632 ) ) ;
#924 = CARTESIAN_POINT ( 'NONE',  ( -17.05160174744059631, 5.000000000000000000, 13.34855150234145071 ) ) ;
#925 = CARTESIAN_POINT ( 'NONE',  ( -14.28941916244314214, 0.000000000000000000, -8.250000000000166978 ) ) ;
#926 = CARTESIAN_POINT ( 'NONE',  ( -21.37077574553548232, 9.280770596475917955E-14, -6.470366781977393345 ) ) ;
#927 = CARTESIAN_POINT ( 'NONE',  ( 18.62411831253859518, 0.000000000000000000, 11.99110712536031720 ) ) ;
#928 = EDGE_CURVE ( 'NONE', #362, #2162, #1663, .T. ) ;
#929 = AXIS2_PLACEMENT_3D ( 'NONE', #1554, #1343, #1141 ) ;
#930 = CARTESIAN_POINT ( 'NONE',  ( -13.09833161271628832, 0.000000000000000000, -17.39191390971643258 ) ) ;
#931 = CARTESIAN_POINT ( 'NONE',  ( 8.249999999999909406, 0.000000000000000000, -11.78941916244328780 ) ) ;
#932 = CARTESIAN_POINT ( 'NONE',  ( 22.33581107654678988, 9.280770596475917955E-14, 2.934910183042936715 ) ) ;
#933 = LINE ( 'NONE', #2100, #1488 ) ;
#934 = ORIENTED_EDGE ( 'NONE', *, *, #662, .F. ) ;
#935 = CARTESIAN_POINT ( 'NONE',  ( -3.897493453557453691, 5.000000000000000000, 21.12595805102347057 ) ) ;
#936 = CARTESIAN_POINT ( 'NONE',  ( -2.397195938165582074, 5.000000000000000000, 22.16217479771836452 ) ) ;
#937 = CIRCLE ( 'NONE', #1580, 10.50000000000000000 ) ;
#938 = DIRECTION ( 'NONE',  ( 0.000000000000000000, 0.000000000000000000, -1.000000000000000000 ) ) ;
#939 = CIRCLE ( 'NONE', #2334, 3.000000000000000888 ) ;
#940 = CARTESIAN_POINT ( 'NONE',  ( -19.95658603595282798, 5.000000000000000000, -9.403584096272473047 ) ) ;
#941 = CARTESIAN_POINT ( 'NONE',  ( 10.05112590917946847, 5.000000000000000000, -20.07604883320758660 ) ) ;
#942 = CARTESIAN_POINT ( 'NONE',  ( -5.760958735503359129, 0.000000000000000000, -21.44858102203128425 ) ) ;
#943 = ORIENTED_EDGE ( 'NONE', *, *, #2349, .F. ) ;
#944 = CARTESIAN_POINT ( 'NONE',  ( 1.085181931284307399, 9.280770596475917955E-14, -21.45468138306470962 ) ) ;
#945 = CARTESIAN_POINT ( 'NONE',  ( 22.33581107654678988, 5.000000000000000000, 2.934910183042936715 ) ) ;
#946 = LINE ( 'NONE', #350, #1525 ) ;
#947 = CARTESIAN_POINT ( 'NONE',  ( -8.698282208297683837, 9.280770596475917955E-14, 19.73358772238366043 ) ) ;
#948 = CARTESIAN_POINT ( 'NONE',  ( 0.04268108532124406662, 5.000000000000000000, 22.02260297745268147 ) ) ;
#949 = CARTESIAN_POINT ( 'NONE',  ( 0.000000000000000000, 5.000000000000000000, -13.50000000000000000 ) ) ;
#950 = CARTESIAN_POINT ( 'NONE',  ( -21.29929237583566604, 9.280770596475917955E-14, -3.079506214171177092 ) ) ;
#951 = CARTESIAN_POINT ( 'NONE',  ( 13.98236440744586417, 5.000000000000000000, -17.61563912988489733 ) ) ;
#952 = DIRECTION ( 'NONE',  ( -0.8660254037844363761, 0.000000000000000000, -0.5000000000000041078 ) ) ;
#953 = CARTESIAN_POINT ( 'NONE',  ( -22.18013886253398326, 0.000000000000000000, 1.147218267650284229 ) ) ;
#954 = DIRECTION ( 'NONE',  ( 0.000000000000000000, 0.000000000000000000, 1.000000000000000000 ) ) ;
#955 = CARTESIAN_POINT ( 'NONE',  ( -4.810101907745949035, 9.280770596475917955E-14, -21.11747557759776583 ) ) ;
#956 = CARTESIAN_POINT ( 'NONE',  ( 21.56051267682079242, 9.280770596475917955E-14, 0.4762564980949328675 ) ) ;
#957 = CARTESIAN_POINT ( 'NONE',  ( 18.26388979645584243, 0.000000000000000000, -13.19073196965213235 ) ) ;
#958 = ORIENTED_EDGE ( 'NONE', *, *, #1822, .F. ) ;
#959 = ADVANCED_FACE ( 'NONE', ( #569 ), #1325, .F. ) ;
#960 = CARTESIAN_POINT ( 'NONE',  ( 3.297088474741692643, 5.000000000000000000, 22.10423872077375407 ) ) ;
#961 = CARTESIAN_POINT ( 'NONE',  ( -16.38887568046793675, 5.000000000000000000, 15.45910962647926468 ) ) ;
#962 = DIRECTION ( 'NONE',  ( 0.000000000000000000, 0.000000000000000000, 1.000000000000000000 ) ) ;
#963 = CARTESIAN_POINT ( 'NONE',  ( -19.98998378633133299, 5.000000000000000000, -9.695061486504986448 ) ) ;
#964 = CARTESIAN_POINT ( 'NONE',  ( 18.88918604690723768, 5.000000000000000000, -10.23256772498891465 ) ) ;
#965 = CARTESIAN_POINT ( 'NONE',  ( 0.000000000000000000, 0.000000000000000000, 0.000000000000000000 ) ) ;
#966 = PRODUCT_DEFINITION_CONTEXT ( 'detailed design', #1955, 'design' ) ;
#967 = CARTESIAN_POINT ( 'NONE',  ( -22.31129565663730574, 0.000000000000000000, -0.9462451246104139901 ) ) ;
#968 = CARTESIAN_POINT ( 'NONE',  ( 18.61748707698936656, 9.280770596475917955E-14, -11.77032078608686128 ) ) ;
#969 = CARTESIAN_POINT ( 'NONE',  ( 0.000000000000000000, 1.000000000000000000, 0.000000000000000000 ) ) ;
#970 = AXIS2_PLACEMENT_3D ( 'NONE', #584, #383, #47 ) ;
#971 = CARTESIAN_POINT ( 'NONE',  ( 6.921690770212228117, 5.000000000000000000, -20.33835843069436677 ) ) ;
#972 = DIRECTION ( 'NONE',  ( -0.000000000000000000, 1.000000000000000000, -0.000000000000000000 ) ) ;
#973 = CARTESIAN_POINT ( 'NONE',  ( 21.25788144427713888, 0.000000000000000000, -4.522752818095291616 ) ) ;
#974 = CARTESIAN_POINT ( 'NONE',  ( 3.297088474741692643, 9.280770596475917955E-14, 22.10423872077375407 ) ) ;
#975 = CARTESIAN_POINT ( 'NONE',  ( 18.92239263677372207, 5.000000000000000000, 10.18498788365920760 ) ) ;
#976 = DIRECTION ( 'NONE',  ( -0.000000000000000000, 1.000000000000000000, 0.000000000000000000 ) ) ;
#977 = CARTESIAN_POINT ( 'NONE',  ( -22.18013886253398326, 9.280770596475917955E-14, 1.147218267650284229 ) ) ;
#978 = CARTESIAN_POINT ( 'NONE',  ( -15.10791553353767114, 5.000000000000000000, -16.07446617083381213 ) ) ;
#979 = CARTESIAN_POINT ( 'NONE',  ( 21.71547193110043494, 0.000000000000000000, 0.8893909500492362952 ) ) ;
#980 = CARTESIAN_POINT ( 'NONE',  ( -21.70691270828490715, 0.000000000000000000, -1.735221765117164860 ) ) ;
#981 = CARTESIAN_POINT ( 'NONE',  ( 20.85111644792205254, 9.280770596475917955E-14, -6.439737209418816555 ) ) ;
#982 = PLANE ( 'NONE',  #1181 ) ;
#983 = FACE_OUTER_BOUND ( 'NONE', #838, .T. ) ;
#984 = CARTESIAN_POINT ( 'NONE',  ( 22.29092242864591356, 0.000000000000000000, -1.993012817514429047 ) ) ;
#985 = EDGE_LOOP ( 'NONE', ( #253, #11, #2189, #898 ) ) ;
#986 = CARTESIAN_POINT ( 'NONE',  ( 2.866674117458312132, 5.000000000000000000, 21.93313288342764622 ) ) ;
#987 = CARTESIAN_POINT ( 'NONE',  ( 10.99396934736241782, 5.000000000000000000, 18.62224419397658437 ) ) ;
#988 = LINE ( 'NONE', #17, #108 ) ;
#989 = CARTESIAN_POINT ( 'NONE',  ( -21.36421488129369806, 9.280770596475917955E-14, 3.454313727073037299 ) ) ;
#990 = CARTESIAN_POINT ( 'NONE',  ( -2.956302797073788735, 5.000000000000000000, -21.69571159132912541 ) ) ;
#991 =( LENGTH_UNIT ( ) NAMED_UNIT ( * ) SI_UNIT ( .MILLI., .METRE. ) );
#992 = CARTESIAN_POINT ( 'NONE',  ( -12.02436241472407197, 0.000000000000000000, 19.05224436848927994 ) ) ;
#993 = CARTESIAN_POINT ( 'NONE',  ( 19.76340491135338695, 9.280770596475917955E-14, -9.493133530890901284 ) ) ;
#994 = FACE_BOUND ( 'NONE', #1121, .T. ) ;
#995 = CARTESIAN_POINT ( 'NONE',  ( 5.498217892342131208, 9.280770596475917955E-14, -21.34390970333198112 ) ) ;
#996 = CARTESIAN_POINT ( 'NONE',  ( 21.50566401628141833, 5.000000000000000000, 0.1632872092306548173 ) ) ;
#997 = CARTESIAN_POINT ( 'NONE',  ( 21.03577506131244590, 0.000000000000000000, -7.051085557932833758 ) ) ;
#998 = PRODUCT ( 'inner_ring_3508', 'inner_ring_3508', '', ( #106 ) ) ;
#999 = CARTESIAN_POINT ( 'NONE',  ( 5.070927419537053282, 9.280770596475917955E-14, 21.74879153140291166 ) ) ;
#1000 = CARTESIAN_POINT ( 'NONE',  ( 12.76832621412308377, 5.000000000000000000, 17.84035428018212954 ) ) ;
#1001 = FACE_OUTER_BOUND ( 'NONE', #227, .T. ) ;
#1002 = CARTESIAN_POINT ( 'NONE',  ( -19.83440385984127730, 5.000000000000000000, 8.668455804891541661 ) ) ;
#1003 = CARTESIAN_POINT ( 'NONE',  ( -0.8757797432479775823, 5.000000000000000000, -22.43703506581987739 ) ) ;
#1004 = CARTESIAN_POINT ( 'NONE',  ( -19.92355701066561835, 0.000000000000000000, 10.43122254053779052 ) ) ;
#1005 = CARTESIAN_POINT ( 'NONE',  ( 18.58216647409973632, 9.280770596475917955E-14, -12.39461443008922359 ) ) ;
#1006 = FACE_BOUND ( 'NONE', #574, .T. ) ;
#1007 = ADVANCED_FACE ( 'NONE', ( #2299 ), #1378, .F. ) ;
#1008 = CARTESIAN_POINT ( 'NONE',  ( 0.000000000000000000, 0.000000000000000000, 16.50000000000000000 ) ) ;
#1009 = CARTESIAN_POINT ( 'NONE',  ( 21.97285664383753456, 0.000000000000000000, -3.776758231063320537 ) ) ;
#1010 = AXIS2_PLACEMENT_3D ( 'NONE', #2192, #1851, #1631 ) ;
#1011 = CARTESIAN_POINT ( 'NONE',  ( 5.070927419537053282, 5.000000000000000000, 21.74879153140291166 ) ) ;
#1012 = CARTESIAN_POINT ( 'NONE',  ( 6.009634009945245658, 5.000000000000000000, 20.77777032840435467 ) ) ;
#1013 = CARTESIAN_POINT ( 'NONE',  ( 21.51955558330829632, 9.280770596475917955E-14, -0.2743584981249997945 ) ) ;
#1014 = CARTESIAN_POINT ( 'NONE',  ( -22.44953091088059693, 9.280770596475917955E-14, 0.5273094677591153578 ) ) ;
#1015 = CARTESIAN_POINT ( 'NONE',  ( -12.75667528841644227, 5.000000000000000000, -18.32699083495355552 ) ) ;
#1016 = CLOSED_SHELL ( 'NONE', ( #235, #635, #918, #1375, #1007, #2064, #1925, #1807, #437, #1883, #1626, #1312, #265, #1179, #497, #529, #1956, #157, #1898, #1698, #1451, #416, #779, #403, #959, #1479, #1037 ) ) ;
#1017 = CARTESIAN_POINT ( 'NONE',  ( -4.763563312210403744, 0.000000000000000000, 21.10704693669042697 ) ) ;
#1018 = CARTESIAN_POINT ( 'NONE',  ( 18.88918604690723768, 9.280770596475917955E-14, -10.23256772498891465 ) ) ;
#1019 = VECTOR ( 'NONE', #873, 1000.000000000000000 ) ;
#1020 = FACE_BOUND ( 'NONE', #1740, .T. ) ;
#1021 = CARTESIAN_POINT ( 'NONE',  ( 5.973369427709994461, 9.280770596475917955E-14, -20.80920466506381317 ) ) ;
#1022 = CIRCLE ( 'NONE', #1338, 0.5000000000000004441 ) ;
#1023 = SURFACE_STYLE_FILL_AREA ( #1388 ) ;
#1024 = CARTESIAN_POINT ( 'NONE',  ( -1.872484404168725192, 0.000000000000000000, -22.41022219827314288 ) ) ;
#1025 = ORIENTED_EDGE ( 'NONE', *, *, #1269, .F. ) ;
#1026 = CARTESIAN_POINT ( 'NONE',  ( 14.74855766168457372, 5.000000000000000000, 16.91757662551263408 ) ) ;
#1027 = CARTESIAN_POINT ( 'NONE',  ( 10.07318053901029131, 5.000000000000000000, 20.05798689262453038 ) ) ;
#1028 = CARTESIAN_POINT ( 'NONE',  ( -20.69286779538634136, 9.280770596475917955E-14, 7.017192802939528740 ) ) ;
#1029 = CARTESIAN_POINT ( 'NONE',  ( -2.706006989995653367, 5.000000000000000000, -21.93403696113244550 ) ) ;
#1030 = CARTESIAN_POINT ( 'NONE',  ( 0.6443483016888433834, 0.000000000000000000, 21.62409172937933377 ) ) ;
#1031 = CARTESIAN_POINT ( 'NONE',  ( 15.45089387422644123, 5.000000000000000000, -14.96313633357434369 ) ) ;
#1032 = FACE_OUTER_BOUND ( 'NONE', #1507, .T. ) ;
#1033 = ORIENTED_EDGE ( 'NONE', *, *, #51, .F. ) ;
#1034 = CARTESIAN_POINT ( 'NONE',  ( 7.428580823040705994, 0.000000000000000000, -20.34228469407172923 ) ) ;
#1035 = CARTESIAN_POINT ( 'NONE',  ( 17.12596941841460918, 9.280770596475917955E-14, 14.01923052165435912 ) ) ;
#1036 = LINE ( 'NONE', #1643, #297 ) ;
#1037 = ADVANCED_FACE ( 'NONE', ( #1001 ), #1728, .F. ) ;
#1038 = CARTESIAN_POINT ( 'NONE',  ( -14.73457759027918534, 9.280770596475917955E-14, 16.12056737286344088 ) ) ;
#1039 = CARTESIAN_POINT ( 'NONE',  ( -21.36421488129369806, 5.000000000000000000, 3.454313727073037299 ) ) ;
#1040 = CARTESIAN_POINT ( 'NONE',  ( -8.665300534411271016, 9.280770596475917955E-14, -19.74894219727848821 ) ) ;
#1041 = CARTESIAN_POINT ( 'NONE',  ( 0.04268108532124406662, 0.000000000000000000, 22.02260297745268147 ) ) ;
#1042 = CARTESIAN_POINT ( 'NONE',  ( 13.05751571234681307, 9.280770596475917955E-14, -17.84017766614782730 ) ) ;
#1043 = FACE_BOUND ( 'NONE', #100, .T. ) ;
#1044 = EDGE_LOOP ( 'NONE', ( #464, #1862, #1985, #1849 ) ) ;
#1045 = CARTESIAN_POINT ( 'NONE',  ( -14.28941916244331445, 5.000000000000000000, 5.249999999999865885 ) ) ;
#1046 = CARTESIAN_POINT ( 'NONE',  ( -2.706006989995653367, 0.000000000000000000, -21.93403696113244550 ) ) ;
#1047 = ORIENTED_EDGE ( 'NONE', *, *, #1128, .F. ) ;
#1048 = CARTESIAN_POINT ( 'NONE',  ( 19.19304229912935966, 5.000000000000000000, 9.878112972868946073 ) ) ;
#1049 = CARTESIAN_POINT ( 'NONE',  ( 20.36251013883436300, 5.000000000000000000, 9.105298428647319753 ) ) ;
#1050 = CARTESIAN_POINT ( 'NONE',  ( -14.73457759027918534, 5.000000000000000000, 16.12056737286344088 ) ) ;
#1051 = CARTESIAN_POINT ( 'NONE',  ( -21.45892752777929147, 5.000000000000000000, -2.140901932492397464 ) ) ;
#1052 = CARTESIAN_POINT ( 'NONE',  ( -10.92146287376307257, 5.000000000000000000, -19.34185077942400000 ) ) ;
#1053 = CARTESIAN_POINT ( 'NONE',  ( -9.038192037880749652, 0.000000000000000000, 19.48772292464589029 ) ) ;
#1054 = CARTESIAN_POINT ( 'NONE',  ( 12.37260737753083895, 5.000000000000000000, -17.85138368885704452 ) ) ;
#1055 = CARTESIAN_POINT ( 'NONE',  ( 14.28941916244325760, 0.000000000000000000, -11.24999999999996803 ) ) ;
#1056 = ORIENTED_EDGE ( 'NONE', *, *, #662, .T. ) ;
#1057 = CARTESIAN_POINT ( 'NONE',  ( -4.294692156676607198, 0.000000000000000000, -21.05012949295620928 ) ) ;
#1058 = ORIENTED_EDGE ( 'NONE', *, *, #1541, .T. ) ;
#1059 = AXIS2_PLACEMENT_3D ( 'NONE', #1431, #2447, #1099 ) ;
#1060 = CARTESIAN_POINT ( 'NONE',  ( 12.41621834269236935, 9.280770596475917955E-14, 17.84768785554432569 ) ) ;
#1061 = CARTESIAN_POINT ( 'NONE',  ( 21.50000000000001066, 5.000000000000000000, -8.470329472543003391E-18 ) ) ;
#1062 = CARTESIAN_POINT ( 'NONE',  ( -9.873174211188187499, 5.000000000000000000, 19.25886426171020815 ) ) ;
#1063 = CARTESIAN_POINT ( 'NONE',  ( -22.00277095942395533, 5.000000000000000000, -1.406141241877288284 ) ) ;
#1064 = CARTESIAN_POINT ( 'NONE',  ( -6.080084768685383168, 9.280770596475917955E-14, -21.50617286497544001 ) ) ;
#1065 = CARTESIAN_POINT ( 'NONE',  ( -17.34070718000092981, 5.000000000000000000, -12.67707834016943558 ) ) ;
#1066 = CARTESIAN_POINT ( 'NONE',  ( -9.873174211188187499, 0.000000000000000000, 19.25886426171020815 ) ) ;
#1067 = CARTESIAN_POINT ( 'NONE',  ( 12.72870749710761373, 9.280770596475917955E-14, -17.83981870828645100 ) ) ;
#1068 = ORIENTED_EDGE ( 'NONE', *, *, #250, .T. ) ;
#1069 = CARTESIAN_POINT ( 'NONE',  ( 4.737062588639457950, 0.000000000000000000, -21.94744642612260321 ) ) ;
#1070 = ORIENTED_EDGE ( 'NONE', *, *, #2456, .T. ) ;
#1071 = CARTESIAN_POINT ( 'NONE',  ( 18.59245527667627229, 5.000000000000000000, 11.34261698305171429 ) ) ;
#1072 = CARTESIAN_POINT ( 'NONE',  ( 22.28625403100240376, 5.000000000000000000, 1.981582502106071120 ) ) ;
#1073 = CARTESIAN_POINT ( 'NONE',  ( -15.36109029890846145, 9.280770596475917955E-14, 16.02548494545740354 ) ) ;
#1074 = CARTESIAN_POINT ( 'NONE',  ( -19.41051621454474230, 5.000000000000000000, 11.28617828434465409 ) ) ;
#1075 = CARTESIAN_POINT ( 'NONE',  ( -13.30983078922829321, 5.000000000000000000, -16.96501047610891533 ) ) ;
#1076 = CARTESIAN_POINT ( 'NONE',  ( 20.76145047374376773, 0.000000000000000000, 5.564770662496996145 ) ) ;
#1077 = CARTESIAN_POINT ( 'NONE',  ( 10.49542555107279718, 5.000000000000000000, -19.55964423589754730 ) ) ;
#1078 = ORIENTED_EDGE ( 'NONE', *, *, #1254, .T. ) ;
#1079 = CARTESIAN_POINT ( 'NONE',  ( 21.02612632579967666, 5.000000000000000000, -4.826745306682585834 ) ) ;
#1080 = CARTESIAN_POINT ( 'NONE',  ( -19.77775950472992861, 0.000000000000000000, -10.76859641009512991 ) ) ;
#1081 = ORIENTED_EDGE ( 'NONE', *, *, #250, .F. ) ;
#1082 = CARTESIAN_POINT ( 'NONE',  ( 21.77197164214742031, 5.000000000000000000, 4.023287517125750057 ) ) ;
#1083 = CARTESIAN_POINT ( 'NONE',  ( 14.28941916244320254, -8.485281374238574870, 8.250000000000067502 ) ) ;
#1084 = CARTESIAN_POINT ( 'NONE',  ( -2.397195938165582074, 9.280770596475917955E-14, 22.16217479771836452 ) ) ;
#1085 = CARTESIAN_POINT ( 'NONE',  ( -20.95539490747585987, 5.000000000000000000, -6.838363024332214657 ) ) ;
#1086 = CIRCLE ( 'NONE', #1693, 2.999999999999999112 ) ;
#1087 = CARTESIAN_POINT ( 'NONE',  ( -13.09833161271628832, 5.000000000000000000, -17.39191390971643258 ) ) ;
#1088 = CARTESIAN_POINT ( 'NONE',  ( 18.92239263677372207, 0.000000000000000000, 10.18498788365920760 ) ) ;
#1089 = EDGE_LOOP ( 'NONE', ( #1777, #531, #314, #910 ) ) ;
#1090 = CARTESIAN_POINT ( 'NONE',  ( -8.135426756321106012, 0.000000000000000000, -20.49317752763869649 ) ) ;
#1091 = ORIENTED_EDGE ( 'NONE', *, *, #2361, .F. ) ;
#1092 = CARTESIAN_POINT ( 'NONE',  ( 20.62332058318116523, 9.280770596475917955E-14, 8.831594486045741377 ) ) ;
#1093 = FACE_OUTER_BOUND ( 'NONE', #139, .T. ) ;
#1094 = CIRCLE ( 'NONE', #1059, 11.42500000000000071 ) ;
#1095 = EDGE_CURVE ( 'NONE', #618, #877, #2059, .T. ) ;
#1096 = CARTESIAN_POINT ( 'NONE',  ( -3.508432993571175551, 9.280770596475917955E-14, 21.28155611680067949 ) ) ;
#1097 = AXIS2_PLACEMENT_3D ( 'NONE', #315, #89, #466 ) ;
#1098 = CARTESIAN_POINT ( 'NONE',  ( -15.98887339193418988, 5.000000000000000000, 15.76212794531016748 ) ) ;
#1099 = DIRECTION ( 'NONE',  ( 0.000000000000000000, 0.000000000000000000, -1.000000000000000000 ) ) ;
#1100 = CARTESIAN_POINT ( 'NONE',  ( -21.82872118787253868, 9.280770596475917955E-14, -5.577142973585949903 ) ) ;
#1101 = CARTESIAN_POINT ( 'NONE',  ( 14.92730865874757029, 0.000000000000000000, 16.60326787570295082 ) ) ;
#1102 = EDGE_LOOP ( 'NONE', ( #114, #2277, #538, #1047 ) ) ;
#1103 = CARTESIAN_POINT ( 'NONE',  ( -19.98440046001503489, 0.000000000000000000, -10.01786800825035151 ) ) ;
#1104 = VERTEX_POINT ( 'NONE', #2153 ) ;
#1105 = CARTESIAN_POINT ( 'NONE',  ( -5.760958735503359129, 5.000000000000000000, -21.44858102203128425 ) ) ;
#1106 = CARTESIAN_POINT ( 'NONE',  ( 22.04774335299223864, 9.280770596475917955E-14, 1.457058781175115225 ) ) ;
#1107 = CARTESIAN_POINT ( 'NONE',  ( 0.000000000000000000, 5.000000000000000000, -16.50000000000000000 ) ) ;
#1108 = ORIENTED_EDGE ( 'NONE', *, *, #1729, .F. ) ;
#1109 = CARTESIAN_POINT ( 'NONE',  ( -5.725817035700059954, 5.000000000000000000, 21.43962851368825895 ) ) ;
#1110 = CARTESIAN_POINT ( 'NONE',  ( -8.063173052550762776, 5.000000000000000000, 20.58865187393976370 ) ) ;
#1111 = DIRECTION ( 'NONE',  ( -0.000000000000000000, 1.000000000000000000, -0.000000000000000000 ) ) ;
#1112 = EDGE_CURVE ( 'NONE', #362, #1754, #988, .T. ) ;
#1113 = CARTESIAN_POINT ( 'NONE',  ( -18.70697218268701434, 9.280770596475917955E-14, -11.78808110821641542 ) ) ;
#1114 = CARTESIAN_POINT ( 'NONE',  ( 13.80662175134598613, 0.000000000000000000, 17.67939977474270918 ) ) ;
#1115 = VERTEX_POINT ( 'NONE', #1768 ) ;
#1116 = CARTESIAN_POINT ( 'NONE',  ( -21.38156366930433450, 0.000000000000000000, -3.487020889686430092 ) ) ;
#1117 = DIRECTION ( 'NONE',  ( -0.01496469961679892588, 0.000000000000000000, 0.9998880226132218496 ) ) ;
#1118 = CARTESIAN_POINT ( 'NONE',  ( 1.713456872414420573, 5.000000000000000000, -21.41422187673773081 ) ) ;
#1119 = CARTESIAN_POINT ( 'NONE',  ( 21.71547193110043494, 9.280770596475917955E-14, 0.8893909500492362952 ) ) ;
#1120 = DIRECTION ( 'NONE',  ( 0.000000000000000000, 1.000000000000000000, 0.000000000000000000 ) ) ;
#1121 = EDGE_LOOP ( 'NONE', ( #41, #707 ) ) ;
#1122 = CARTESIAN_POINT ( 'NONE',  ( -1.563801935270094479, 9.280770596475917955E-14, 22.47118139727804476 ) ) ;
#1123 = CARTESIAN_POINT ( 'NONE',  ( -2.683863792343782251, 5.000000000000000000, 21.95213546304658081 ) ) ;
#1124 = CARTESIAN_POINT ( 'NONE',  ( 0.000000000000000000, 5.000000000000000000, 19.50000000000000000 ) ) ;
#1125 = CARTESIAN_POINT ( 'NONE',  ( -21.45892752777929147, 5.000000000000000000, -2.140901932492397464 ) ) ;
#1126 = CARTESIAN_POINT ( 'NONE',  ( 11.99369300426620910, 5.000000000000000000, -17.91997479826702744 ) ) ;
#1127 = CARTESIAN_POINT ( 'NONE',  ( 18.33237370132062694, 0.000000000000000000, 13.06061107704994484 ) ) ;
#1128 = EDGE_CURVE ( 'NONE', #618, #614, #634, .T. ) ;
#1129 = CARTESIAN_POINT ( 'NONE',  ( -13.30983078922829321, 0.000000000000000000, -16.96501047610891533 ) ) ;
#1130 = ORIENTED_EDGE ( 'NONE', *, *, #602, .T. ) ;
#1131 = CARTESIAN_POINT ( 'NONE',  ( -1.872484404168725192, 9.280770596475917955E-14, -22.41022219827314288 ) ) ;
#1132 = CARTESIAN_POINT ( 'NONE',  ( 20.75573503639132156, 9.280770596475917955E-14, 5.968942064567079875 ) ) ;
#1133 = FACE_OUTER_BOUND ( 'NONE', #718, .T. ) ;
#1134 = ORIENTED_EDGE ( 'NONE', *, *, #1670, .T. ) ;
#1135 = CARTESIAN_POINT ( 'NONE',  ( -7.377363339387269292, 9.280770596475917955E-14, 21.24677405319496870 ) ) ;
#1136 = CARTESIAN_POINT ( 'NONE',  ( -8.239077219261456975, 5.000000000000000000, 20.31145505274677632 ) ) ;
#1137 = DIRECTION ( 'NONE',  ( 0.000000000000000000, 0.000000000000000000, 1.000000000000000000 ) ) ;
#1138 = CIRCLE ( 'NONE', #2253, 10.50000000000000000 ) ;
#1139 = CARTESIAN_POINT ( 'NONE',  ( -21.77086451918862053, 5.000000000000000000, -4.412015090083839297 ) ) ;
#1140 = CARTESIAN_POINT ( 'NONE',  ( 14.91287243695813380, 5.000000000000000000, -16.63260165039304184 ) ) ;
#1141 = DIRECTION ( 'NONE',  ( 0.000000000000000000, 0.000000000000000000, -1.000000000000000000 ) ) ;
#1142 = CARTESIAN_POINT ( 'NONE',  ( -21.80935849464485798, 0.000000000000000000, 5.646969613588339598 ) ) ;
#1143 = CARTESIAN_POINT ( 'NONE',  ( 1.399158968025850961E-15, -32.31477990022523983, -11.42500000000000071 ) ) ;
#1144 = EDGE_CURVE ( 'NONE', #2122, #2012, #939, .T. ) ;
#1145 = CARTESIAN_POINT ( 'NONE',  ( -2.327591545651179317, 5.000000000000000000, -22.21746075309117785 ) ) ;
#1146 = CARTESIAN_POINT ( 'NONE',  ( 0.000000000000000000, -32.31477990022523983, 0.000000000000000000 ) ) ;
#1147 = CARTESIAN_POINT ( 'NONE',  ( -14.28941916244331445, 5.000000000000000000, 8.249999999999866773 ) ) ;
#1148 = ORIENTED_EDGE ( 'NONE', *, *, #826, .T. ) ;
#1149 = CARTESIAN_POINT ( 'NONE',  ( 8.423854169138138559, 5.000000000000000000, 20.57734720879660273 ) ) ;
#1150 = CARTESIAN_POINT ( 'NONE',  ( 0.6443483016888433834, 5.000000000000000000, 21.62409172937933377 ) ) ;
#1151 = CARTESIAN_POINT ( 'NONE',  ( 22.36881208094535367, 5.000000000000000000, -2.458965521622638928 ) ) ;
#1152 = CARTESIAN_POINT ( 'NONE',  ( -19.84314350538611649, 9.280770596475917955E-14, -8.704841324383583157 ) ) ;
#1153 = CARTESIAN_POINT ( 'NONE',  ( 15.26624746504589503, 5.000000000000000000, -15.33866194321941379 ) ) ;
#1154 = APPLICATION_PROTOCOL_DEFINITION ( 'draft international standard', 'automotive_design', 1998, #1861 ) ;
#1155 = CARTESIAN_POINT ( 'NONE',  ( -17.94723619457273855, 0.000000000000000000, 12.11000861407793394 ) ) ;
#1156 = CARTESIAN_POINT ( 'NONE',  ( 20.74980542453518240, 5.000000000000000000, -5.647420164813633292 ) ) ;
#1157 = DIRECTION ( 'NONE',  ( 0.8660254037844328234, 0.000000000000000000, 0.5000000000000101030 ) ) ;
#1158 = CARTESIAN_POINT ( 'NONE',  ( -0.5342308938669430018, 5.000000000000000000, -22.34027540671333867 ) ) ;
#1159 = CARTESIAN_POINT ( 'NONE',  ( -14.28941916244331445, 0.000000000000000000, 8.249999999999866773 ) ) ;
#1160 = CARTESIAN_POINT ( 'NONE',  ( 20.84397072531237072, 0.000000000000000000, -5.203399706078709386 ) ) ;
#1161 = VERTEX_POINT ( 'NONE', #1757 ) ;
#1162 = CARTESIAN_POINT ( 'NONE',  ( 10.65400745747474254, 5.000000000000000000, 19.26272096552388291 ) ) ;
#1163 = CARTESIAN_POINT ( 'NONE',  ( 18.62411831253859518, 5.000000000000000000, 11.99110712536031720 ) ) ;
#1164 = CARTESIAN_POINT ( 'NONE',  ( 21.51043327356235224, 9.280770596475917955E-14, -0.1979930402887173924 ) ) ;
#1165 = CARTESIAN_POINT ( 'NONE',  ( -19.83440385984127730, 9.280770596475917955E-14, 8.668455804891541661 ) ) ;
#1166 = CARTESIAN_POINT ( 'NONE',  ( -14.40799832946807690, 5.000000000000000000, -16.18277094059331844 ) ) ;
#1167 = CARTESIAN_POINT ( 'NONE',  ( 21.51797157785674841, 0.000000000000000000, 0.2670660802177913240 ) ) ;
#1168 = CARTESIAN_POINT ( 'NONE',  ( -18.60232997469848115, 0.000000000000000000, 11.82387990937790079 ) ) ;
#1169 = CARTESIAN_POINT ( 'NONE',  ( 21.05316971007180626, 5.000000000000000000, -7.950543986091030746 ) ) ;
#1170 = DIRECTION ( 'NONE',  ( 0.000000000000000000, 1.000000000000000000, 0.000000000000000000 ) ) ;
#1171 = AXIS2_PLACEMENT_3D ( 'NONE', #1355, #2313, #185 ) ;
#1172 = CARTESIAN_POINT ( 'NONE',  ( 5.295754922585157232, 9.280770596475917955E-14, -21.56050939871547811 ) ) ;
#1173 = DIRECTION ( 'NONE',  ( 0.000000000000000000, 0.000000000000000000, 1.000000000000000000 ) ) ;
#1174 = LINE ( 'NONE', #1949, #418 ) ;
#1175 = ORIENTED_EDGE ( 'NONE', *, *, #2142, .F. ) ;
#1176 = CARTESIAN_POINT ( 'NONE',  ( 10.79861231446338721, 5.000000000000000000, 18.95371964705836376 ) ) ;
#1177 = CARTESIAN_POINT ( 'NONE',  ( 10.65400745747474254, 5.000000000000000000, 19.26272096552388291 ) ) ;
#1178 = CARTESIAN_POINT ( 'NONE',  ( 21.99484613463933158, 5.000000000000000000, -1.363621445196449677 ) ) ;
#1179 = ADVANCED_FACE ( 'NONE', ( #2335 ), #1379, .F. ) ;
#1180 = CARTESIAN_POINT ( 'NONE',  ( -22.00796252615863224, 5.000000000000000000, 1.386698790421983407 ) ) ;
#1181 = AXIS2_PLACEMENT_3D ( 'NONE', #784, #1544, #1117 ) ;
#1182 = CARTESIAN_POINT ( 'NONE',  ( -17.11306650742679381, 5.000000000000000000, -13.11302747492975307 ) ) ;
#1183 = CARTESIAN_POINT ( 'NONE',  ( 8.249999999999909406, 5.000000000000000000, -16.78941916244328780 ) ) ;
#1184 = CARTESIAN_POINT ( 'NONE',  ( -21.89210884666135115, 0.000000000000000000, 5.142649073263910076 ) ) ;
#1185 = CARTESIAN_POINT ( 'NONE',  ( 20.60588353413724860, 5.000000000000000000, -8.854183996984605898 ) ) ;
#1186 = FACE_OUTER_BOUND ( 'NONE', #696, .T. ) ;
#1187 = CARTESIAN_POINT ( 'NONE',  ( 3.765454925720590040, 9.280770596475917955E-14, -22.17188836623166637 ) ) ;
#1188 = CARTESIAN_POINT ( 'NONE',  ( 0.000000000000000000, 1.000000000000000000, 0.000000000000000000 ) ) ;
#1189 = CARTESIAN_POINT ( 'NONE',  ( 21.74705384844108735, 0.000000000000000000, -4.049888267308889844 ) ) ;
#1190 = CARTESIAN_POINT ( 'NONE',  ( 11.27380511581133149, 5.000000000000000000, 18.30862634737814787 ) ) ;
#1191 = CARTESIAN_POINT ( 'NONE',  ( 16.12447728433854266, 5.000000000000000000, 14.34571999264067088 ) ) ;
#1192 = CARTESIAN_POINT ( 'NONE',  ( 22.33008241408221650, 9.280770596475917955E-14, -2.964312057627308761 ) ) ;
#1193 = CARTESIAN_POINT ( 'NONE',  ( -21.79361650126077166, 9.280770596475917955E-14, 1.643608798694083717 ) ) ;
#1194 = CARTESIAN_POINT ( 'NONE',  ( -16.73635184447445567, 5.000000000000000000, -15.06162109060031185 ) ) ;
#1195 = CARTESIAN_POINT ( 'NONE',  ( 14.28941916244320254, 5.000000000000000000, 8.250000000000067502 ) ) ;
#1196 = CARTESIAN_POINT ( 'NONE',  ( -13.33819774590904395, 0.000000000000000000, 16.94193952922999102 ) ) ;
#1197 = CARTESIAN_POINT ( 'NONE',  ( -8.249999999999909406, -7.071067811865475505, 16.78941916244328780 ) ) ;
#1198 = CARTESIAN_POINT ( 'NONE',  ( 6.921690770212228117, 9.280770596475917955E-14, -20.33835843069436677 ) ) ;
#1199 = DIRECTION ( 'NONE',  ( -0.000000000000000000, 1.000000000000000000, -0.000000000000000000 ) ) ;
#1200 = CARTESIAN_POINT ( 'NONE',  ( 21.51043327356235224, 0.000000000000000000, -0.1979930402887173924 ) ) ;
#1201 = EDGE_LOOP ( 'NONE', ( #2407, #1876 ) ) ;
#1202 = CARTESIAN_POINT ( 'NONE',  ( 12.41621834269236935, 5.000000000000000000, 17.84768785554432569 ) ) ;
#1203 = CARTESIAN_POINT ( 'NONE',  ( 18.07506318019197522, 5.000000000000000000, 13.41162043256943548 ) ) ;
#1204 = CARTESIAN_POINT ( 'NONE',  ( 21.66993067396671435, 5.000000000000000000, -0.7887541447959790508 ) ) ;
#1205 = CARTESIAN_POINT ( 'NONE',  ( -21.69588645582567921, 9.280770596475917955E-14, 4.202493127171475606 ) ) ;
#1206 = CARTESIAN_POINT ( 'NONE',  ( 5.044084359542862828, 5.000000000000000000, -21.76739804958580748 ) ) ;
#1207 = CARTESIAN_POINT ( 'NONE',  ( -0.5976047757816267403, 0.000000000000000000, 22.37460024496218125 ) ) ;
#1208 = CYLINDRICAL_SURFACE ( 'NONE', #2179, 2.499999999999998668 ) ;
#1209 = CARTESIAN_POINT ( 'NONE',  ( 8.203134167590837578, 9.280770596475917955E-14, -20.52532851353633703 ) ) ;
#1210 = DIRECTION ( 'NONE',  ( -0.000000000000000000, 1.000000000000000000, -0.000000000000000000 ) ) ;
#1211 = CARTESIAN_POINT ( 'NONE',  ( -1.367263375045599361, 0.000000000000000000, -22.48700827270518587 ) ) ;
#1212 = VECTOR ( 'NONE', #1389, 1000.000000000000000 ) ;
#1213 = CARTESIAN_POINT ( 'NONE',  ( 15.78082580941539348, 9.280770596475917955E-14, 14.58197770661933745 ) ) ;
#1214 = CARTESIAN_POINT ( 'NONE',  ( 6.783114608242779120, 5.000000000000000000, 20.38525983341778414 ) ) ;
#1215 = CARTESIAN_POINT ( 'NONE',  ( 21.74705384844108735, 9.280770596475917955E-14, -4.049888267308889844 ) ) ;
#1216 = AXIS2_PLACEMENT_3D ( 'NONE', #965, #1732, #20 ) ;
#1217 = CARTESIAN_POINT ( 'NONE',  ( -21.69588645582567921, 5.000000000000000000, 4.202493127171475606 ) ) ;
#1218 = CARTESIAN_POINT ( 'NONE',  ( 4.273850966298175180, 5.000000000000000000, -22.11930922727231419 ) ) ;
#1219 = CARTESIAN_POINT ( 'NONE',  ( 2.265356432710395218, 0.000000000000000000, 21.61398490215221102 ) ) ;
#1220 = CARTESIAN_POINT ( 'NONE',  ( 18.26388979645584243, 9.280770596475917955E-14, -13.19073196965213235 ) ) ;
#1221 = VECTOR ( 'NONE', #26, 1000.000000000000000 ) ;
#1222 = FACE_BOUND ( 'NONE', #1884, .T. ) ;
#1223 = VERTEX_POINT ( 'NONE', #413 ) ;
#1224 = AXIS2_PLACEMENT_3D ( 'NONE', #1188, #1948, #1764 ) ;
#1225 = CARTESIAN_POINT ( 'NONE',  ( 15.45089387422644123, 0.000000000000000000, -14.96313633357434369 ) ) ;
#1226 = EDGE_CURVE ( 'NONE', #79, #2380, #1022, .T. ) ;
#1227 = CARTESIAN_POINT ( 'NONE',  ( 15.04316277897950904, 9.280770596475917955E-14, 16.29287607612387845 ) ) ;
#1228 = CARTESIAN_POINT ( 'NONE',  ( 21.00308125305534190, 5.000000000000000000, 8.093784755413055976 ) ) ;
#1229 = CARTESIAN_POINT ( 'NONE',  ( -12.73913520582318171, 9.280770596475917955E-14, 18.35356778509089182 ) ) ;
#1230 = CARTESIAN_POINT ( 'NONE',  ( -21.37077574553548232, 5.000000000000000000, -6.470366781977393345 ) ) ;
#1231 = CARTESIAN_POINT ( 'NONE',  ( -10.62775381944808117, 5.000000000000000000, -19.32565719518376568 ) ) ;
#1232 = CARTESIAN_POINT ( 'NONE',  ( 4.763134857330469707, 0.000000000000000000, 21.93543931625461596 ) ) ;
#1233 = CARTESIAN_POINT ( 'NONE',  ( 16.77354824828158186, 5.000000000000000000, -14.11187666143775310 ) ) ;
#1234 = CARTESIAN_POINT ( 'NONE',  ( -8.249999999999909406, -7.071067811865475505, 14.28941916244328958 ) ) ;
#1235 = VERTEX_POINT ( 'NONE', #629 ) ;
#1236 = PRESENTATION_STYLE_ASSIGNMENT (( #2341 ) ) ;
#1237 = CARTESIAN_POINT ( 'NONE',  ( 3.765454925720590040, 0.000000000000000000, -22.17188836623166637 ) ) ;
#1238 = CARTESIAN_POINT ( 'NONE',  ( 18.71659826940244997, 5.000000000000000000, 10.57271996977611472 ) ) ;
#1239 = CARTESIAN_POINT ( 'NONE',  ( 21.99095846985050784, 5.000000000000000000, 3.749480385961162288 ) ) ;
#1240 = CARTESIAN_POINT ( 'NONE',  ( -17.94723619457273855, 9.280770596475917955E-14, 12.11000861407793394 ) ) ;
#1241 = CARTESIAN_POINT ( 'NONE',  ( -21.34777994446066174, 5.000000000000000000, 2.417613532212277594 ) ) ;
#1242 = CARTESIAN_POINT ( 'NONE',  ( -15.79794070015035068, 5.000000000000000000, -15.87856579311346827 ) ) ;
#1243 = CARTESIAN_POINT ( 'NONE',  ( -6.405616351157335409, 0.000000000000000000, 21.51602309213578934 ) ) ;
#1244 = CARTESIAN_POINT ( 'NONE',  ( 10.63703935626417696, 5.000000000000000000, -19.29854484198767040 ) ) ;
#1245 = DIRECTION ( 'NONE',  ( 0.000000000000000000, -1.000000000000000000, 0.000000000000000000 ) ) ;
#1246 = EDGE_LOOP ( 'NONE', ( #653, #1791 ) ) ;
#1247 = CARTESIAN_POINT ( 'NONE',  ( 21.62576967926267457, 5.000000000000000000, -0.6808893225876955224 ) ) ;
#1248 = CARTESIAN_POINT ( 'NONE',  ( 6.402018612307342593, 0.000000000000000000, -20.50193368362607416 ) ) ;
#1249 = CARTESIAN_POINT ( 'NONE',  ( 12.76832621412308377, 5.000000000000000000, 17.84035428018212954 ) ) ;
#1250 = CARTESIAN_POINT ( 'NONE',  ( 21.59784430326507376, 5.000000000000000000, 0.6046288794738466921 ) ) ;
#1251 = AXIS2_PLACEMENT_3D ( 'NONE', #1888, #2443, #1678 ) ;
#1252 = CARTESIAN_POINT ( 'NONE',  ( -10.25355165084853404, 9.280770596475917955E-14, 19.27741205739376440 ) ) ;
#1253 = CARTESIAN_POINT ( 'NONE',  ( -22.33316665392541012, 5.000000000000000000, 0.8615500256514579958 ) ) ;
#1254 = EDGE_CURVE ( 'NONE', #2441, #566, #1297, .T. ) ;
#1255 = CARTESIAN_POINT ( 'NONE',  ( -11.89975127608518690, 9.280770596475917955E-14, -19.13990222509078976 ) ) ;
#1256 = CARTESIAN_POINT ( 'NONE',  ( 8.001081061730673127, 0.000000000000000000, 20.47268412762883116 ) ) ;
#1257 = CARTESIAN_POINT ( 'NONE',  ( 9.639490390975316458, 5.000000000000000000, -20.36315342263971573 ) ) ;
#1258 = DIRECTION ( 'NONE',  ( 0.000000000000000000, 0.000000000000000000, 1.000000000000000000 ) ) ;
#1259 = ORIENTED_EDGE ( 'NONE', *, *, #2439, .T. ) ;
#1260 = DIRECTION ( 'NONE',  ( -0.000000000000000000, 1.000000000000000000, -0.000000000000000000 ) ) ;
#1261 = CARTESIAN_POINT ( 'NONE',  ( 11.60428559088120259, 0.000000000000000000, -18.07696747765414713 ) ) ;
#1262 = VERTEX_POINT ( 'NONE', #1530 ) ;
#1263 = CIRCLE ( 'NONE', #865, 0.5000000000000004441 ) ;
#1264 = CARTESIAN_POINT ( 'NONE',  ( 16.81205253432334246, 9.280770596475917955E-14, 14.10255858975283516 ) ) ;
#1265 = DIRECTION ( 'NONE',  ( 0.000000000000000000, 0.000000000000000000, -1.000000000000000000 ) ) ;
#1266 = CARTESIAN_POINT ( 'NONE',  ( -16.70703295257997212, 5.000000000000000000, 15.05430691143623179 ) ) ;
#1267 = CARTESIAN_POINT ( 'NONE',  ( -21.70691270828490715, 5.000000000000000000, -1.735221765117164860 ) ) ;
#1268 = CARTESIAN_POINT ( 'NONE',  ( -17.94112932178229158, 5.000000000000000000, -12.11582571980251899 ) ) ;
#1269 = EDGE_CURVE ( 'NONE', #317, #1291, #1263, .T. ) ;
#1270 = CARTESIAN_POINT ( 'NONE',  ( 14.49556959822995417, 0.000000000000000000, 17.22081242546001434 ) ) ;
#1271 = CARTESIAN_POINT ( 'NONE',  ( 17.09131436487689371, 9.280770596475917955E-14, -14.03015730062688959 ) ) ;
#1272 = CARTESIAN_POINT ( 'NONE',  ( 12.72870749710761373, 5.000000000000000000, -17.83981870828645100 ) ) ;
#1273 = CARTESIAN_POINT ( 'NONE',  ( -14.77715865862524325, 0.000000000000000000, -16.11487285753118925 ) ) ;
#1274 = ORIENTED_EDGE ( 'NONE', *, *, #1714, .T. ) ;
#1275 = CARTESIAN_POINT ( 'NONE',  ( 20.86628673042814341, 5.000000000000000000, 5.145902190276689936 ) ) ;
#1276 = DIRECTION ( 'NONE',  ( 0.000000000000000000, 0.000000000000000000, -1.000000000000000000 ) ) ;
#1277 = CARTESIAN_POINT ( 'NONE',  ( -16.90551775144237467, 9.280770596475917955E-14, 14.60243460460722886 ) ) ;
#1278 = CARTESIAN_POINT ( 'NONE',  ( -21.89210884666135115, 5.000000000000000000, 5.142649073263910076 ) ) ;
#1279 = CARTESIAN_POINT ( 'NONE',  ( -10.09233983175401761, 9.280770596475917955E-14, -19.26889937608049408 ) ) ;
#1280 = CARTESIAN_POINT ( 'NONE',  ( 16.47344186419197953, 0.000000000000000000, 14.19622457951780348 ) ) ;
#1281 = CARTESIAN_POINT ( 'NONE',  ( -9.453775673318984829, 0.000000000000000000, -19.32589433114494426 ) ) ;
#1282 = EDGE_LOOP ( 'NONE', ( #1610, #1447 ) ) ;
#1283 = EDGE_CURVE ( 'NONE', #1812, #1471, #266, .T. ) ;
#1284 = CARTESIAN_POINT ( 'NONE',  ( 21.28757890596713054, 9.280770596475917955E-14, 4.490419955212656689 ) ) ;
#1285 = CARTESIAN_POINT ( 'NONE',  ( 14.28941916244320254, -8.485281374238574870, 11.25000000000006928 ) ) ;
#1286 = CARTESIAN_POINT ( 'NONE',  ( -1.057287768853389043, 5.000000000000000000, 22.47974504372256632 ) ) ;
#1287 = CARTESIAN_POINT ( 'NONE',  ( -6.405616351157335409, 5.000000000000000000, 21.51602309213578934 ) ) ;
#1288 = CIRCLE ( 'NONE', #929, 11.42500000000000071 ) ;
#1289 = CARTESIAN_POINT ( 'NONE',  ( -21.66479108706241163, 9.280770596475917955E-14, -4.137603074080421273 ) ) ;
#1290 = CARTESIAN_POINT ( 'NONE',  ( 21.99095846985050784, 0.000000000000000000, 3.749480385961162288 ) ) ;
#1291 = VERTEX_POINT ( 'NONE', #1333 ) ;
#1292 = CARTESIAN_POINT ( 'NONE',  ( -16.29127566881314593, 0.000000000000000000, -15.57438319502826474 ) ) ;
#1293 = ORIENTED_EDGE ( 'NONE', *, *, #1360, .T. ) ;
#1294 = CARTESIAN_POINT ( 'NONE',  ( 20.08084485516624440, 9.280770596475917955E-14, 9.315588836521307314 ) ) ;
#1295 = DIRECTION ( 'NONE',  ( 0.000000000000000000, 0.000000000000000000, 1.000000000000000000 ) ) ;
#1296 = EDGE_CURVE ( 'NONE', #492, #288, #902, .T. ) ;
#1297 = CIRCLE ( 'NONE', #547, 3.000000000000000888 ) ;
#1298 = CARTESIAN_POINT ( 'NONE',  ( -5.443245943366364692, 5.000000000000000000, 21.34434570984550916 ) ) ;
#1299 = CIRCLE ( 'NONE', #2295, 11.42500000000000071 ) ;
#1300 = CARTESIAN_POINT ( 'NONE',  ( -11.56094223472923943, 5.000000000000000000, 19.24512831950249137 ) ) ;
#1301 = DIRECTION ( 'NONE',  ( -0.000000000000000000, 1.000000000000000000, -0.000000000000000000 ) ) ;
#1302 = CARTESIAN_POINT ( 'NONE',  ( -21.38156366930433450, 9.280770596475917955E-14, -3.487020889686430092 ) ) ;
#1303 = CARTESIAN_POINT ( 'NONE',  ( 20.82250864574934468, 0.000000000000000000, 6.338922960389920647 ) ) ;
#1304 = CARTESIAN_POINT ( 'NONE',  ( -21.52151034254656992, 0.000000000000000000, -3.835956348183114706 ) ) ;
#1305 = VERTEX_POINT ( 'NONE', #1516 ) ;
#1306 = CARTESIAN_POINT ( 'NONE',  ( 0.2812229978203656389, 5.000000000000000000, -21.84708887546637968 ) ) ;
#1307 = CARTESIAN_POINT ( 'NONE',  ( 20.86628673042814341, 9.280770596475917955E-14, 5.145902190276689936 ) ) ;
#1308 = CARTESIAN_POINT ( 'NONE',  ( 0.000000000000000000, -8.485281374238571317, 16.50000000000000000 ) ) ;
#1309 = CARTESIAN_POINT ( 'NONE',  ( -2.683863792343782251, 5.000000000000000000, 21.95213546304658081 ) ) ;
#1310 = CARTESIAN_POINT ( 'NONE',  ( -18.28923899199372016, 5.000000000000000000, 11.94624421582729390 ) ) ;
#1311 = CARTESIAN_POINT ( 'NONE',  ( -14.28941916244314214, -8.485281374238571317, -11.25000000000016698 ) ) ;
#1312 = ADVANCED_FACE ( 'NONE', ( #577 ), #401, .F. ) ;
#1313 = CARTESIAN_POINT ( 'NONE',  ( -21.31729384549186435, 5.000000000000000000, -2.626299800665655937 ) ) ;
#1314 = CARTESIAN_POINT ( 'NONE',  ( 20.74980542453518240, 5.000000000000000000, -5.647420164813633292 ) ) ;
#1315 = CARTESIAN_POINT ( 'NONE',  ( 10.79861231446338721, 0.000000000000000000, 18.95371964705836376 ) ) ;
#1316 = EDGE_LOOP ( 'NONE', ( #1665, #1915, #731, #337 ) ) ;
#1317 = CARTESIAN_POINT ( 'NONE',  ( -18.70697218268701434, 0.000000000000000000, -11.78808110821641542 ) ) ;
#1318 = DIRECTION ( 'NONE',  ( 0.000000000000000000, 0.000000000000000000, -1.000000000000000000 ) ) ;
#1319 = CARTESIAN_POINT ( 'NONE',  ( -2.706006989995653367, 9.280770596475917955E-14, -21.93403696113244550 ) ) ;
#1320 = CARTESIAN_POINT ( 'NONE',  ( 22.04774335299223864, 5.000000000000000000, 1.457058781175115225 ) ) ;
#1321 = CARTESIAN_POINT ( 'NONE',  ( 14.28941916244320254, 0.000000000000000000, 5.250000000000067502 ) ) ;
#1322 = EDGE_LOOP ( 'NONE', ( #470, #2304 ) ) ;
#1323 = CARTESIAN_POINT ( 'NONE',  ( -1.563801935270094479, 5.000000000000000000, 22.47118139727804476 ) ) ;
#1324 = CARTESIAN_POINT ( 'NONE',  ( -1.563801935270094479, 5.000000000000000000, 22.47118139727804476 ) ) ;
#1325 = CYLINDRICAL_SURFACE ( 'NONE', #2418, 0.5000000000000004441 ) ;
#1326 = CARTESIAN_POINT ( 'NONE',  ( -19.14321624718067483, 9.280770596475917955E-14, -11.54799085599770336 ) ) ;
#1327 = CARTESIAN_POINT ( 'NONE',  ( 18.58216647409973632, 5.000000000000000000, -12.39461443008922359 ) ) ;
#1328 = DIRECTION ( 'NONE',  ( -0.8660254037844397068, 0.000000000000000000, 0.4999999999999980571 ) ) ;
#1329 = AXIS2_PLACEMENT_3D ( 'NONE', #553, #2074, #2424 ) ;
#1330 = CARTESIAN_POINT ( 'NONE',  ( -21.54638996791861416, 0.000000000000000000, 3.890661396110727033 ) ) ;
#1331 = CARTESIAN_POINT ( 'NONE',  ( 8.249999999999909406, -7.071067811865475505, -11.78941916244328780 ) ) ;
#1332 = CARTESIAN_POINT ( 'NONE',  ( -3.314509588424145115, 9.280770596475917955E-14, -21.38751730179362553 ) ) ;
#1333 = CARTESIAN_POINT ( 'NONE',  ( 0.000000000000000000, 5.000000000000000000, -20.00000000000000000 ) ) ;
#1334 = DIRECTION ( 'NONE',  ( 0.8660254037844432595, 0.000000000000000000, -0.4999999999999920064 ) ) ;
#1335 = ORIENTED_EDGE ( 'NONE', *, *, #1749, .T. ) ;
#1336 = CARTESIAN_POINT ( 'NONE',  ( -8.698282208297683837, 5.000000000000000000, 19.73358772238366043 ) ) ;
#1337 = CARTESIAN_POINT ( 'NONE',  ( -12.93276482421152629, 5.000000000000000000, 17.92938000874977433 ) ) ;
#1338 = AXIS2_PLACEMENT_3D ( 'NONE', #1959, #591, #2279 ) ;
#1339 = CARTESIAN_POINT ( 'NONE',  ( 21.55576912546820267, 5.000000000000000000, -0.4582032232888709755 ) ) ;
#1340 = AXIS2_PLACEMENT_3D ( 'NONE', #507, #824, #687 ) ;
#1341 = CARTESIAN_POINT ( 'NONE',  ( -22.31129565663730574, 5.000000000000000000, -0.9462451246104139901 ) ) ;
#1342 = CARTESIAN_POINT ( 'NONE',  ( 20.84397072531237072, 5.000000000000000000, -5.203399706078709386 ) ) ;
#1343 = DIRECTION ( 'NONE',  ( -0.000000000000000000, 1.000000000000000000, -0.000000000000000000 ) ) ;
#1344 = CARTESIAN_POINT ( 'NONE',  ( -21.45892752777929147, 0.000000000000000000, -2.140901932492397464 ) ) ;
#1345 = CARTESIAN_POINT ( 'NONE',  ( 18.59498551408303157, 5.000000000000000000, -11.43208890142673084 ) ) ;
#1346 = ORIENTED_EDGE ( 'NONE', *, *, #677, .T. ) ;
#1347 = CARTESIAN_POINT ( 'NONE',  ( 0.2812229978203656389, 9.280770596475917955E-14, -21.84708887546637968 ) ) ;
#1348 = CARTESIAN_POINT ( 'NONE',  ( 21.51797157785674841, 5.000000000000000000, 0.2670660802177913240 ) ) ;
#1349 = CARTESIAN_POINT ( 'NONE',  ( 20.85111644792205254, 0.000000000000000000, -6.439737209418816555 ) ) ;
#1350 = CARTESIAN_POINT ( 'NONE',  ( 4.763134857330469707, 5.000000000000000000, 21.93543931625461596 ) ) ;
#1351 = CARTESIAN_POINT ( 'NONE',  ( 11.27380511581133149, 5.000000000000000000, 18.30862634737814787 ) ) ;
#1352 = CARTESIAN_POINT ( 'NONE',  ( 21.50120042528665465, 5.000000000000000000, -0.06779549196591572180 ) ) ;
#1353 = CARTESIAN_POINT ( 'NONE',  ( -19.87004465647144258, 5.000000000000000000, 8.161827089493092657 ) ) ;
#1354 = CARTESIAN_POINT ( 'NONE',  ( 12.37260737753083895, 5.000000000000000000, -17.85138368885704452 ) ) ;
#1355 = CARTESIAN_POINT ( 'NONE',  ( 0.000000000000000000, 0.000000000000000000, -20.50000000000000000 ) ) ;
#1356 = CARTESIAN_POINT ( 'NONE',  ( -21.79361650126077166, 0.000000000000000000, 1.643608798694083717 ) ) ;
#1357 = FACE_OUTER_BOUND ( 'NONE', #1873, .T. ) ;
#1358 = CARTESIAN_POINT ( 'NONE',  ( 8.249999999999909406, -7.071067811865475505, -14.28941916244328958 ) ) ;
#1359 = CARTESIAN_POINT ( 'NONE',  ( 1.285879139104720831E-15, 1.000000000000000000, 10.50000000000000000 ) ) ;
#1360 = EDGE_CURVE ( 'NONE', #483, #2320, #442, .T. ) ;
#1361 = ORIENTED_EDGE ( 'NONE', *, *, #1729, .T. ) ;
#1362 = CARTESIAN_POINT ( 'NONE',  ( 4.294081650227393965, 5.000000000000000000, 22.11590148708446080 ) ) ;
#1363 = CARTESIAN_POINT ( 'NONE',  ( 8.001081061730673127, 5.000000000000000000, 20.47268412762883116 ) ) ;
#1364 = CARTESIAN_POINT ( 'NONE',  ( 21.50082892385609057, 9.280770596475917955E-14, -0.05538574488906028437 ) ) ;
#1365 = CARTESIAN_POINT ( 'NONE',  ( -19.90359154496740146, 9.280770596475917955E-14, 9.135070858821428885 ) ) ;
#1366 = CARTESIAN_POINT ( 'NONE',  ( -16.29127566881314593, 5.000000000000000000, -15.57438319502826474 ) ) ;
#1367 = DIRECTION ( 'NONE',  ( 0.000000000000000000, 1.000000000000000000, 0.000000000000000000 ) ) ;
#1368 = CARTESIAN_POINT ( 'NONE',  ( -15.36109029890846145, 0.000000000000000000, 16.02548494545740354 ) ) ;
#1369 = CARTESIAN_POINT ( 'NONE',  ( 20.05014298133982820, 5.000000000000000000, -9.334985577983069049 ) ) ;
#1370 = DIRECTION ( 'NONE',  ( 0.000000000000000000, 1.000000000000000000, 0.000000000000000000 ) ) ;
#1371 = AXIS2_PLACEMENT_3D ( 'NONE', #1436, #2384, #1463 ) ;
#1372 = CARTESIAN_POINT ( 'NONE',  ( 5.295754922585157232, 5.000000000000000000, -21.56050939871547811 ) ) ;
#1373 = DIRECTION ( 'NONE',  ( 0.000000000000000000, 0.000000000000000000, 1.000000000000000000 ) ) ;
#1374 = DIRECTION ( 'NONE',  ( 0.8660254037844328234, 0.000000000000000000, 0.5000000000000101030 ) ) ;
#1375 = ADVANCED_FACE ( 'NONE', ( #603 ), #212, .F. ) ;
#1376 = CARTESIAN_POINT ( 'NONE',  ( 6.783114608242779120, 5.000000000000000000, 20.38525983341778414 ) ) ;
#1377 = CARTESIAN_POINT ( 'NONE',  ( 14.74855766168457372, 5.000000000000000000, 16.91757662551263408 ) ) ;
#1378 = CYLINDRICAL_SURFACE ( 'NONE', #2451, 3.000000000000000888 ) ;
#1379 = B_SPLINE_SURFACE_WITH_KNOTS ( 'NONE', 4, 1, ( 
 ( #791, #1364 ),
 ( #1352, #256 ),
 ( #1941, #394 ),
 ( #1392, #1535 ),
 ( #2118, #1164 ),
 ( #804, #1013 ),
 ( #622, #1928 ),
 ( #1339, #244 ),
 ( #447, #761 ),
 ( #218, #1744 ),
 ( #1204, #2310 ),
 ( #1964, #1521 ),
 ( #32, #1551 ),
 ( #205, #2284 ),
 ( #1178, #581 ),
 ( #420, #231 ),
 ( #2141, #2104 ),
 ( #1151, #433 ),
 ( #1918, #1192 ),
 ( #270, #2346 ),
 ( #458, #1977 ),
 ( #645, #1215 ),
 ( #1400, #1592 ),
 ( #2165, #70 ),
 ( #1781, #829 ),
 ( #2109, #796 ),
 ( #1156, #62 ),
 ( #260, #398 ),
 ( #1969, #981 ),
 ( #1556, #452 ),
 ( #237, #2289 ),
 ( #589, #1735 ),
 ( #1169, #1934 ),
 ( #49, #809 ),
 ( #1185, #613 ),
 ( #1570, #425 ),
 ( #1369, #1946 ),
 ( #22, #993 ),
 ( #1762, #2158 ),
 ( #1786, #2327 ),
 ( #822, #1018 ),
 ( #74, #209 ),
 ( #1527, #1385 ),
 ( #1345, #2147 ),
 ( #439, #968 ),
 ( #783, #1543 ),
 ( #1584, #1005 ),
 ( #1773, #2339 ),
 ( #299, #1220 ),
 ( #1835, #1608 ),
 ( #2363, #1417 ),
 ( #462, #1271 ),
 ( #1233, #2403 ),
 ( #695, #1846 ),
 ( #2034, #1622 ),
 ( #2184, #872 ),
 ( #1031, #2197 ),
 ( #478, #124 ),
 ( #1995, #286 ),
 ( #1810, #885 ),
 ( #324, #2007 ),
 ( #858, #1824 ),
 ( #659, #1456 ),
 ( #2378, #1983 ),
 ( #86, #1636 ),
 ( #833, #845 ),
 ( #649, #1042 ),
 ( #1430, #1067 ),
 ( #1054, #98 ),
 ( #112, #1797 ),
 ( #2207, #672 ),
 ( #490, #1648 ),
 ( #2219, #274 ),
 ( #2169, #517 ),
 ( #1244, #2390 ),
 ( #1077, #1597 ),
 ( #684, #1442 ),
 ( #2351, #504 ),
 ( #1257, #2022 ),
 ( #313, #1405 ),
 ( #627, #2135 ),
 ( #465, #1209 ),
 ( #798, #2123 ),
 ( #2172, #615 ),
 ( #971, #1198 ),
 ( #239, #1737 ),
 ( #24, #1021 ),
 ( #1559, #412 ),
 ( #785, #995 ),
 ( #1372, #1172 ),
 ( #1586, #1387 ),
 ( #1545, #2316 ),
 ( #441, #249 ),
 ( #428, #1187 ),
 ( #1788, #76 ),
 ( #835, #1599 ),
 ( #2353, #189 ),
 ( #1118, #1687 ),
 ( #374, #944 ),
 ( #2291, #541 ),
 ( #1306, #1347 ),
 ( #1911, #2072 ),
 ( #576, #359 ),
 ( #1158, #1529 ),
 ( #175, #1699 ),
 ( #1481, #1504 ),
 ( #755, #1131 ),
 ( #1145, #563 ),
 ( #1711, #1319 ),
 ( #2112, #2465 ),
 ( #2278, #1332 ),
 ( #400, #2098 ),
 ( #388, #211 ),
 ( #1723, #955 ),
 ( #2241, #768 ),
 ( #1676, #2431 ),
 ( #1105, #2044 ),
 ( #500, #1064 ),
 ( #165, #1865 ),
 ( #2410, #307 ),
 ( #1841, #2246 ),
 ( #1878, #284 ),
 ( #122, #2182 ),
 ( #2228, #1466 ),
 ( #1808, #1040 ),
 ( #1671, #146 ),
 ( #1658, #2005 ),
 ( #322, #1620 ),
 ( #906, #1279 ),
 ( #296, #1821 ),
 ( #1231, #2376 ),
 ( #1052, #1856 ),
 ( #1844, #527 ),
 ( #705, #1255 ),
 ( #476, #1646 ),
 ( #670, #1634 ),
 ( #488, #2427 ),
 ( #1087, #133 ),
 ( #1075, #2045 ),
 ( #1428, #883 ),
 ( #682, #2401 ),
 ( #1415, #110 ),
 ( #333, #95 ),
 ( #855, #870 ),
 ( #1993, #2195 ),
 ( #1242, #894 ),
 ( #1454, #2388 ),
 ( #1440, #693 ),
 ( #2205, #501 ),
 ( #2032, #2019 ),
 ( #2416, #311 ),
 ( #1065, #1833 ),
 ( #2217, #515 ),
 ( #1268, #2250 ),
 ( #1707, #395 ),
 ( #2093, #1113 ),
 ( #582, #1326 ),
 ( #1895, #1730 ),
 ( #1476, #1919 ),
 ( #1718, #2068 ),
 ( #1906, #1869 ),
 ( #963, #1694 ),
 ( #940, #2105 ),
 ( #2273, #170 ),
 ( #345, #1152 ),
 ( #1881, #2285 ),
 ( #916, #2056 ),
 ( #2237, #1682 ),
 ( #1489, #354 ),
 ( #2460, #750 ),
 ( #366, #926 ),
 ( #206, #381 ),
 ( #548, #1100 ),
 ( #715, #2448 ),
 ( #740, #2437 ),
 ( #1139, #1499 ),
 ( #536, #1289 ),
 ( #158, #726 ),
 ( #2261, #1302 ),
 ( #558, #950 ),
 ( #1313, #2080 ),
 ( #1125, #183 ),
 ( #1511, #571 ),
 ( #196, #8 ),
 ( #1341, #762 ),
 ( #1522, #2166 ),
 ( #1594, #792 ),
 ( #1953, #1014 ),
 ( #421, #1942 ),
 ( #1782, #977 ),
 ( #1180, #59 ),
 ( #1579, #1193 ),
 ( #1965, #232 ),
 ( #71, #2324 ),
 ( #775, #245 ),
 ( #1746, #989 ),
 ( #1552, #459 ),
 ( #1217, #1205 ),
 ( #1393, #830 ),
 ( #33, #2300 ),
 ( #45, #1769 ),
 ( #2347, #2154 ),
 ( #2311, #597 ),
 ( #646, #2119 ),
 ( #407, #1978 ),
 ( #271, #1028 ),
 ( #1758, #18 ),
 ( #609, #1537 ),
 ( #1353, #805 ),
 ( #1002, #1165 ),
 ( #1929, #1365 ),
 ( #2129, #2143 ),
 ( #1566, #1401 ),
 ( #219, #434 ),
 ( #623, #1380 ),
 ( #819, #2336 ),
 ( #636, #448 ),
 ( #257, #1426 ),
 ( #2042, #293 ),
 ( #2016, #702 ),
 ( #881, #1240 ),
 ( #2226, #2193 ),
 ( #892, #1794 ),
 ( #331, #83 ),
 ( #107, #2030 ),
 ( #1831, #691 ),
 ( #680, #1277 ),
 ( #1266, #668 ),
 ( #2003, #1605 ),
 ( #841, #1644 ),
 ( #2359, #320 ),
 ( #1464, #1073 ),
 ( #1656, #656 ),
 ( #1050, #1038 ),
 ( #120, #1991 ),
 ( #1805, #1413 ),
 ( #2372, #2399 ),
 ( #1842, #282 ),
 ( #1617, #1818 ),
 ( #93, #131 ),
 ( #853, #486 ),
 ( #868, #1229 ),
 ( #1452, #525 ),
 ( #513, #2412 ),
 ( #308, #2215 ),
 ( #2178, #1632 ),
 ( #474, #2386 ),
 ( #1438, #2203 ),
 ( #498, #1252 ),
 ( #1062, #1519 ),
 ( #1485, #193 ),
 ( #567, #1679 ),
 ( #1336, #947 ),
 ( #351, #555 ),
 ( #923, #2247 ),
 ( #2434, #378 ),
 ( #723, #544 ),
 ( #2065, #1135 ),
 ( #2281, #2258 ),
 ( #1715, #759 ),
 ( #1690, #5 ),
 ( #1109, #341 ),
 ( #1298, #154 ),
 ( #1877, #579 ),
 ( #2102, #2457 ),
 ( #180, #2053 ),
 ( #935, #167 ),
 ( #1496, #1096 ),
 ( #2445, #913 ),
 ( #2425, #736 ),
 ( #1309, #1704 ),
 ( #713, #1084 ),
 ( #2076, #363 ),
 ( #1323, #1122 ),
 ( #1286, #1474 ),
 ( #1903, #747 ),
 ( #2235, #534 ),
 ( #1890, #1854 ),
 ( #1508, #143 ),
 ( #903, #2269 ),
 ( #2089, #1866 ),
 ( #1668, #1962 ),
 ( #254, #2297 ),
 ( #42, #619 ),
 ( #1590, #215 ),
 ( #986, #802 ),
 ( #960, #974 ),
 ( #30, #2344 ),
 ( #1362, #789 ),
 ( #1350, #1926 ),
 ( #1011, #999 ),
 ( #2151, #643 ),
 ( #1916, #1755 ),
 ( #1563, #1726 ),
 ( #1398, #1549 ),
 ( #392, #2126 ),
 ( #1376, #1779 ),
 ( #1950, #2308 ),
 ( #14, #827 ),
 ( #606, #66 ),
 ( #1149, #203 ),
 ( #772, #1532 ),
 ( #431, #1766 ),
 ( #2321, #594 ),
 ( #2332, #1741 ),
 ( #417, #2116 ),
 ( #404, #242 ),
 ( #1162, #632 ),
 ( #1176, #2139 ),
 ( #1939, #229 ),
 ( #1190, #55 ),
 ( #815, #1575 ),
 ( #1390, #445 ),
 ( #1202, #1060 ),
 ( #1249, #654 ),
 ( #2014, #2191 ),
 ( #2357, #689 ),
 ( #471, #1411 ),
 ( #2369, #1448 ),
 ( #2213, #1792 ),
 ( #1026, #1839 ),
 ( #678, #2201 ),
 ( #80, #1227 ),
 ( #456, #850 ),
 ( #510, #305 ),
 ( #839, #1603 ),
 ( #2383, #129 ),
 ( #1424, #1213 ),
 ( #1652, #1829 ),
 ( #1988, #2176 ),
 ( #1816, #1264 ),
 ( #280, #1035 ),
 ( #1803, #1435 ),
 ( #665, #118 ),
 ( #91, #2028 ),
 ( #484, #866 ),
 ( #890, #1975 ),
 ( #1615, #318 ),
 ( #267, #879 ),
 ( #2396, #1630 ),
 ( #1071, #2408 ),
 ( #495, #1642 ),
 ( #1238, #2000 ),
 ( #700, #291 ),
 ( #1048, #2163 ),
 ( #104, #1712 ),
 ( #2233, #720 ),
 ( #2454, #1294 ),
 ( #911, #338 ),
 ( #2423, #1092 ),
 ( #1493, #2432 ),
 ( #163, #1 ),
 ( #1677, #1482 ),
 ( #2061, #532 ),
 ( #711, #2242 ),
 ( #140, #1472 ),
 ( #1666, #1462 ),
 ( #176, #1132 ),
 ( #1505, #552 ),
 ( #1275, #1307 ),
 ( #733, #1874 ),
 ( #360, #1284 ),
 ( #2039, #542 ),
 ( #1082, #744 ),
 ( #190, #328 ),
 ( #1901, #349 ),
 ( #945, #932 ),
 ( #1700, #2050 ),
 ( #564, #523 ),
 ( #2266, #1863 ),
 ( #1320, #1106 ),
 ( #921, #152 ),
 ( #2442, #1688 ),
 ( #2086, #2255 ),
 ( #2073, #1119 ),
 ( #375, #1887 ),
 ( #2224, #900 ),
 ( #1850, #956 ),
 ( #12, #251 ),
 ( #1348, #1560 ),
 ( #996, #1724 ),
 ( #786, #39 ),
 ( #769, #1775 ),
 ( #2293, #2329 ) ),
 .UNSPECIFIED., .F., .F., .F.,
 ( 5, 1, 1, 1, 1, 1, 1, 1, 1, 1, 1, 1, 1, 1, 1, 1, 1, 1, 1, 1, 1, 1, 1, 1, 1, 1, 1, 1, 1, 1, 1, 1, 1, 1, 1, 1, 1, 1, 1, 1, 1, 1, 1, 1, 1, 1, 1, 1, 1, 1, 1, 1, 1, 1, 1, 1, 1, 1, 1, 1, 1, 1, 1, 1, 1, 1, 1, 1, 1, 1, 1, 1, 1, 1, 1, 1, 1, 1, 1, 1, 1, 1, 1, 1, 1, 1, 1, 1, 1, 1, 1, 1, 1, 1, 1, 1, 1, 1, 1, 1, 1, 1, 1, 1, 1, 1, 1, 1, 1, 1, 1, 1, 1, 1, 1, 1, 1, 1, 1, 1, 1, 1, 1, 1, 1, 1, 1, 1, 1, 1, 1, 1, 1, 1, 1, 1, 1, 1, 1, 1, 1, 1, 1, 1, 1, 1, 1, 1, 1, 1, 1, 1, 1, 1, 1, 1, 1, 1, 1, 1, 1, 1, 1, 1, 1, 1, 1, 1, 1, 1, 1, 1, 1, 1, 1, 1, 1, 1, 1, 1, 1, 1, 1, 1, 1, 1, 1, 1, 1, 1, 1, 1, 1, 1, 1, 1, 1, 1, 1, 1, 1, 1, 1, 1, 1, 1, 1, 1, 1, 1, 1, 1, 1, 1, 1, 1, 1, 1, 1, 1, 1, 1, 1, 1, 1, 1, 1, 1, 1, 1, 1, 1, 1, 1, 1, 1, 1, 1, 1, 1, 1, 1, 1, 1, 1, 1, 1, 1, 1, 1, 1, 1, 1, 1, 1, 1, 1, 1, 1, 1, 1, 1, 1, 1, 1, 1, 1, 1, 1, 1, 1, 1, 1, 1, 1, 1, 1, 1, 1, 1, 1, 1, 1, 1, 1, 1, 1, 1, 1, 1, 1, 1, 1, 1, 1, 1, 1, 1, 1, 1, 1, 1, 1, 1, 1, 1, 1, 1, 1, 1, 1, 1, 1, 1, 1, 1, 1, 1, 1, 1, 1, 1, 1, 1, 1, 1, 1, 1, 1, 1, 1, 1, 1, 1, 1, 1, 1, 1, 1, 1, 1, 1, 1, 1, 1, 1, 1, 1, 1, 1, 1, 1, 1, 1, 1, 1, 1, 1, 1, 1, 1, 1, 1, 1, 1, 1, 1, 1, 1, 1, 1, 1, 1, 1, 1, 1, 1, 1, 1, 1, 5 ),
 ( 2, 2 ),
 ( 0.07358319050063265310, 0.07391494428098087377, 0.07424669806132898342, 0.07457845184167709307, 0.07491020562202531374, 0.07557371318272164407, 0.07623722074341797439, 0.07690072830411430471, 0.07756423586481063503, 0.07822774342550685434, 0.07889125098620318466, 0.07974345586852714385, 0.08059566075085121406, 0.08230007051549935448, 0.08400448028014749491, 0.08570889004479552431, 0.09046623902220383984, 0.09292792509979118376, 0.09538961117737852768, 0.09725037902088017050, 0.09911114686438181332, 0.1009719147078834561, 0.1028326825513852100, 0.1053035848955139325, 0.1077744872396426551, 0.1104221707454131479, 0.1130698542511836407, 0.1147701942807069914, 0.1164705343102304530, 0.1181708743397539146, 0.1198712143692772653, 0.1246169858670368308, 0.1270843161979869906, 0.1295516465289371366, 0.1314165903897449583, 0.1332815342505527800, 0.1351464781113606017, 0.1370114219721684234, 0.1394885714658881115, 0.1419657209596076886, 0.1446070263915363308, 0.1472483318234650840, 0.1489446318253860868, 0.1506409318273072007, 0.1523372318292283145, 0.1540335318311493173, 0.1564006318117731054, 0.1587677317923968934, 0.1637136454825361964, 0.1655827769213765732, 0.1674519083602169500, 0.1693210397990573268, 0.1711901712378975926, 0.1736735256503932900, 0.1761568800628890985, 0.1787917759339369139, 0.1814266718049847293, 0.1831189634302331504, 0.1848112550554815714, 0.1865035466807299924, 0.1881958383059785245, 0.1905571571925955832, 0.1929184760792127529, 0.1978757715512314830, 0.1997490588333817874, 0.2016223461155320917, 0.2034956333976823961, 0.2053689206798327005, 0.2078584368256146675, 0.2103479529713966345, 0.2129764077830099689, 0.2156048625946234143, 0.2172931792983251453, 0.2189814960020268764, 0.2206698127057286074, 0.2223581294094303384, 0.2247136735730947965, 0.2270692177367592546, 0.2320382162954202077, 0.2339155773710863695, 0.2357929384467525313, 0.2376702995224186932, 0.2395476605980848550, 0.2445389280867876769, 0.2471609104744459939, 0.2497828928621044220, 0.2514672698396306361, 0.2531516468171568501, 0.2548360237946830642, 0.2565204007722092783, 0.2588701782730259415, 0.2612199557738424938, 0.2660319215491134814, 0.2679959209447821955, 0.2699599203404509096, 0.2738879191317882267, 0.2787296121785418634, 0.2813450910633162882, 0.2839605699480906020, 0.2856410440400979356, 0.2873215181321052691, 0.2890019922241126027, 0.2906824663161200473, 0.2930264868936373057, 0.2953705074711546752, 0.3001936737564419033, 0.3021620220411179725, 0.3041303703257941526, 0.3060987186104703328, 0.3080670668951465130, 0.3129201767573976944, 0.3155291215026611029, 0.3181380662479244004, 0.3198146352168856899, 0.3214912041858469793, 0.3231677731548082688, 0.3248443421237695583, 0.3271826984342617317, 0.3295210547447539051, 0.3345248820174062665, 0.3364145049139949384, 0.3383041278105837213, 0.3420833736037611761, 0.3445970859010271115, 0.3471107981982929358, 0.3497131787706974082, 0.3510143690568997554, 0.3523155593431019916, 0.3539882257368144325, 0.3556608921305268733, 0.3573335585242393142, 0.3590062249179517551, 0.3636717842703333092, 0.3686871171433669936, 0.3705808366480761729, 0.3724745561527852411, 0.3762619951622035996, 0.3787816390987319703, 0.3813012830352603411, 0.3838970701690725962, 0.3864928573028847403, 0.3881616629957663767, 0.3898304686886481241, 0.3914992743815297604, 0.3931680800744113968, 0.3978225127601094924, 0.4028492941656073301, 0.4066449305349478793, 0.4104405669042883176, 0.4129660936480580302, 0.4154916203918278539, 0.4177167885559789351, 0.4199419567201300163, 0.4221671248842809865, 0.4243922930484320677, 0.4277951715355298168, 0.4311980500226275659, 0.4335237515459251512, 0.4358494530692227364, 0.4375172132357586507, 0.4391849734022944540, 0.4408527335688302573, 0.4425204937353660606, 0.4451144776259163827, 0.4477084615164667047, 0.4502297148015801387, 0.4527509680866935726, 0.4565406425256596235, 0.4584354797451427599, 0.4603303169646257853, 0.4653487780753022829, 0.4676800390328131884, 0.4700112999903242050, 0.4716829092164570580, 0.4733545184425899111, 0.4750261276687227641, 0.4766977368948557281, 0.4792983220507686104, 0.4818989072066814927, 0.4844142420783067449, 0.4869295769499318860, 0.4907110567893507858, 0.4926017967090602356, 0.4944925366287697965, 0.4994995074068354635, 0.5018363415265855165, 0.5041731756463355696, 0.5058486761570465395, 0.5075241766677575095, 0.5091996771784684794, 0.5108751776891794494, 0.5134823350829447186, 0.5160894924767098768, 0.5209457021901318097, 0.5229152367758601594, 0.5248847713615885091, 0.5268543059473168588, 0.5288238405330452085, 0.5336500533214506570, 0.5359925056760146411, 0.5383349580305786253, 0.5400143742564198490, 0.5416937904822610728, 0.5433732067081022965, 0.5450526229339435202, 0.5476663227251532540, 0.5502800225163629877, 0.5551248372774291173, 0.5570900226262210930, 0.5590552079750130687, 0.5610203933238051555, 0.5629855786725971312, 0.5678006038994812821, 0.5701488102309700823, 0.5724970165624588825, 0.5741803253533512841, 0.5758636341442436857, 0.5775469429351359762, 0.5792302517260283778, 0.5818504634264699549, 0.5844706751269114209, 0.5894652640525425147, 0.5913437375274442909, 0.5932222110023460671, 0.5951006844772478432, 0.5969791579521496194, 0.6019513407774537139, 0.6043053112815555128, 0.6066592817856572006, 0.6083465204139429927, 0.6100337590422286738, 0.6117209976705143548, 0.6134082362988000359, 0.6160349289344393409, 0.6186616215700786459, 0.6211528106357194767, 0.6236439997013604186, 0.6255183972639940526, 0.6273927948266277976, 0.6292671923892615427, 0.6311415899518951766, 0.6361020815457015809, 0.6384618247416001813, 0.6408215679374987817, 0.6425127720568849510, 0.6442039761762711203, 0.6458951802956572896, 0.6475863844150434590, 0.6502195266839877474, 0.6528526689529322580, 0.6553377082285681832, 0.6578227475042041084, 0.6596930228673757446, 0.6615632982305473808, 0.6634335735937190170, 0.6653038489568906533, 0.6702528252137653908, 0.6726183479340303029, 0.6749838706542951039, 0.6766790742036975503, 0.6783742777530998858, 0.6800694813025022212, 0.6817646848519046676, 0.6844042452774534713, 0.6870438057030022749, 0.6895226517437692548, 0.6920014977845364568, 0.6938675826755478226, 0.6957336675665591885, 0.6975997524575706654, 0.6994658373485820313, 0.7019347040695108619, 0.7044035707904395816, 0.7091461855550919013, 0.7108454206831996691, 0.7125446558113074369, 0.7142438909394153157, 0.7159431260675230835, 0.7185890731454379621, 0.7212350202233527297, 0.7237076305374373630, 0.7261802408515218854, 0.7280421464300210754, 0.7299040520085202655, 0.7317659575870194555, 0.7336278631655187565, 0.7385543174688328216, 0.7409314129496534784, 0.7433085084304741352, 0.7450118053909350335, 0.7467151023513957098, 0.7484183993118566081, 0.7501216962723172843, 0.7527739986114729831, 0.7554263009506285709, 0.7578926340057977606, 0.7603589670609669504, 0.7622167058981758059, 0.7640744447353846613, 0.7677899224098023723, 0.7702474933869792872, 0.7727050643641560912, 0.7750879496741522878, 0.7774708349841484845, 0.7791782220221435962, 0.7808856090601387079, 0.7825929960981338196, 0.7843003831361289313, 0.7869590095917446959, 0.7896176360473603495, 0.7920776512792048196, 0.7945376665110494008, 0.7963912525170423473, 0.7982448385230352939, 0.8000984245290282404, 0.8019520105350211869, 0.8044039103083949760, 0.8068558100817686540, 0.8092444852432926217, 0.8116331604048164783, 0.8133446637144267077, 0.8150561670240367151, 0.8167676703336469446, 0.8184791736432570630, 0.8211440934419514948, 0.8238090132406458155, 0.8262626710627840598, 0.8287163288849223042, 0.8305657774086158129, 0.8324152259323093217, 0.8342646744560027194, 0.8361141229796962282, 0.8385603381137037848, 0.8410065532477112304, 0.8434881743373521257, 0.8459697954269930209, 0.8477246917184451114, 0.8494795880098972019, 0.8512344843013492923, 0.8529893805928013828, 0.8554949919867650410, 0.8580006033807286991, 0.8604478651972005121, 0.8628951270136723251, 0.8647404549245693017, 0.8665857828354663894, 0.8684311107463634771, 0.8702764386572605648, 0.8727169573248910739, 0.8751574759925214719, 0.8775808505858915254, 0.8800042251792615788, 0.8818354882948361562, 0.8836667514104106225, 0.8854980145259851998, 0.8873292776415596661, 0.8897607684241546355, 0.8921922592067496049, 0.8946338027804036086, 0.8970753463540576123, 0.8989162144321763970, 0.9007570825102951817, 0.9025979505884139664, 0.9044388186665327511, 0.9068736306636635547, 0.9093084426607943582, 0.9141666361755639292, 0.9160026976001193200, 0.9169207283123969043, 0.9178387590246745997, 0.9187567897369522951, 0.9196748204492299905, 0.9205928511615076859, 0.9215108818737853813, 0.9227291429446539128, 0.9233382734800881231, 0.9239474040155223333, 0.9245565345509565436, 0.9251656650863907538, 0.9257747956218250751, 0.9263839261572592854 ),
 ( 0.000000000000000000, 1.000000000000000000 ),
 .UNSPECIFIED. ) ;
#1380 = CARTESIAN_POINT ( 'NONE',  ( -19.71687866696198554, 9.280770596475917955E-14, 10.89842960957054352 ) ) ;
#1381 = CIRCLE ( 'NONE', #2018, 2.500000000000000444 ) ;
#1382 = CARTESIAN_POINT ( 'NONE',  ( -11.89975127608518690, 5.000000000000000000, -19.13990222509078976 ) ) ;
#1383 = AXIS2_PLACEMENT_3D ( 'NONE', #248, #1787, #1406 ) ;
#1384 = CARTESIAN_POINT ( 'NONE',  ( -20.69286779538634136, 0.000000000000000000, 7.017192802939528740 ) ) ;
#1385 = CARTESIAN_POINT ( 'NONE',  ( 18.60226712841783581, 9.280770596475917955E-14, -11.05009224858528682 ) ) ;
#1386 = LINE ( 'NONE', #1197, #1418 ) ;
#1387 = CARTESIAN_POINT ( 'NONE',  ( 5.044084359542862828, 9.280770596475917955E-14, -21.76739804958580748 ) ) ;
#1388 = FILL_AREA_STYLE ('',( #1573 ) ) ;
#1389 = DIRECTION ( 'NONE',  ( 0.000000000000000000, -1.000000000000000000, 0.000000000000000000 ) ) ;
#1390 = CARTESIAN_POINT ( 'NONE',  ( 12.04034765615322833, 5.000000000000000000, 17.90750957085692718 ) ) ;
#1391 = CARTESIAN_POINT ( 'NONE',  ( 18.50284236186318054, 5.000000000000000000, 12.69321652788445398 ) ) ;
#1392 = CARTESIAN_POINT ( 'NONE',  ( 21.50489117795404681, 5.000000000000000000, -0.1349914607427966096 ) ) ;
#1393 = CARTESIAN_POINT ( 'NONE',  ( -21.84901569971967206, 5.000000000000000000, 4.650092570530846459 ) ) ;
#1394 = CARTESIAN_POINT ( 'NONE',  ( -1.367263375045599361, 5.000000000000000000, -22.48700827270518587 ) ) ;
#1395 = CARTESIAN_POINT ( 'NONE',  ( 10.51461464122931311, 0.000000000000000000, 19.52876899409673683 ) ) ;
#1396 = FACE_BOUND ( 'NONE', #590, .T. ) ;
#1397 = LINE ( 'NONE', #1359, #1212 ) ;
#1398 = CARTESIAN_POINT ( 'NONE',  ( 6.009634009945245658, 5.000000000000000000, 20.77777032840435467 ) ) ;
#1399 = CARTESIAN_POINT ( 'NONE',  ( 10.32487569298192298, 5.000000000000000000, 19.79908899539711697 ) ) ;
#1400 = CARTESIAN_POINT ( 'NONE',  ( 21.50954502575471849, 5.000000000000000000, -4.274285065873563383 ) ) ;
#1401 = CARTESIAN_POINT ( 'NONE',  ( -20.00560769983144382, 9.280770596475917955E-14, 9.944334415332775734 ) ) ;
#1402 = CARTESIAN_POINT ( 'NONE',  ( -9.082581512475268681, 5.000000000000000000, -19.46374687675191595 ) ) ;
#1403 = EDGE_CURVE ( 'NONE', #2122, #1262, #2124, .T. ) ;
#1404 = CARTESIAN_POINT ( 'NONE',  ( -8.239077219261456975, 0.000000000000000000, 20.31145505274677632 ) ) ;
#1405 = CARTESIAN_POINT ( 'NONE',  ( 9.156357977601375708, 9.280770596475917955E-14, -20.54096192691616451 ) ) ;
#1406 = DIRECTION ( 'NONE',  ( 0.000000000000000000, 0.000000000000000000, 1.000000000000000000 ) ) ;
#1407 = ORIENTED_EDGE ( 'NONE', *, *, #2190, .F. ) ;
#1408 = CARTESIAN_POINT ( 'NONE',  ( 21.99484613463933158, 5.000000000000000000, -1.363621445196449677 ) ) ;
#1409 = CARTESIAN_POINT ( 'NONE',  ( 13.52044579259198898, 0.000000000000000000, -17.78670727427943632 ) ) ;
#1410 = VECTOR ( 'NONE', #1908, 1000.000000000000000 ) ;
#1411 = CARTESIAN_POINT ( 'NONE',  ( 13.80662175134598613, 9.280770596475917955E-14, 17.67939977474270918 ) ) ;
#1412 = CARTESIAN_POINT ( 'NONE',  ( 20.08084485516624440, 5.000000000000000000, 9.315588836521307314 ) ) ;
#1413 = CARTESIAN_POINT ( 'NONE',  ( -13.97533646099007854, 9.280770596475917955E-14, 16.35339825941926861 ) ) ;
#1414 = CARTESIAN_POINT ( 'NONE',  ( -4.294692156676607198, 5.000000000000000000, -21.05012949295620928 ) ) ;
#1415 = CARTESIAN_POINT ( 'NONE',  ( -14.40799832946807690, 5.000000000000000000, -16.18277094059331844 ) ) ;
#1416 = CARTESIAN_POINT ( 'NONE',  ( 6.356838556474371238, 0.000000000000000000, 20.54220731346369888 ) ) ;
#1417 = CARTESIAN_POINT ( 'NONE',  ( 17.52486614424552158, 9.280770596475917955E-14, -13.86213788554044868 ) ) ;
#1418 = VECTOR ( 'NONE', #2328, 1000.000000000000000 ) ;
#1419 = LINE ( 'NONE', #1958, #512 ) ;
#1420 = EDGE_LOOP ( 'NONE', ( #188, #377, #228, #1175 ) ) ;
#1421 = CIRCLE ( 'NONE', #1340, 3.000000000000000444 ) ;
#1422 = CARTESIAN_POINT ( 'NONE',  ( 22.29092242864591356, 5.000000000000000000, -1.993012817514429047 ) ) ;
#1423 = CARTESIAN_POINT ( 'NONE',  ( 9.639490390975316458, 0.000000000000000000, -20.36315342263971573 ) ) ;
#1424 = CARTESIAN_POINT ( 'NONE',  ( 15.78082580941539348, 5.000000000000000000, 14.58197770661933745 ) ) ;
#1425 = CARTESIAN_POINT ( 'NONE',  ( 21.53630632600673067, 5.000000000000000000, 0.3716022844069878928 ) ) ;
#1426 = CARTESIAN_POINT ( 'NONE',  ( -18.87060187290206059, 9.280770596475917955E-14, 11.69813387989780118 ) ) ;
#1427 = CARTESIAN_POINT ( 'NONE',  ( -22.48065576699951507, 5.000000000000000000, -0.4806549054225557338 ) ) ;
#1428 = CARTESIAN_POINT ( 'NONE',  ( -13.64557217329655536, 5.000000000000000000, -16.58642694311949484 ) ) ;
#1429 = CARTESIAN_POINT ( 'NONE',  ( 7.198227194603910917, 0.000000000000000000, 20.33956573828423586 ) ) ;
#1430 = CARTESIAN_POINT ( 'NONE',  ( 12.72870749710761373, 5.000000000000000000, -17.83981870828645100 ) ) ;
#1431 = CARTESIAN_POINT ( 'NONE',  ( 0.000000000000000000, 1.000000000000000888, 0.000000000000000000 ) ) ;
#1432 = ORIENTED_EDGE ( 'NONE', *, *, #1254, .F. ) ;
#1433 =( LENGTH_UNIT ( ) NAMED_UNIT ( * ) SI_UNIT ( .MILLI., .METRE. ) );
#1434 = CARTESIAN_POINT ( 'NONE',  ( -2.956302797073788735, 0.000000000000000000, -21.69571159132912541 ) ) ;
#1435 = CARTESIAN_POINT ( 'NONE',  ( 17.45226867970450968, 9.280770596475917955E-14, 13.88641541379071853 ) ) ;
#1436 = CARTESIAN_POINT ( 'NONE',  ( 14.28941916244325760, 0.000000000000000000, -8.249999999999968026 ) ) ;
#1437 = EDGE_CURVE ( 'NONE', #1115, #522, #1299, .T. ) ;
#1438 = CARTESIAN_POINT ( 'NONE',  ( -10.58865834637474101, 5.000000000000000000, 19.32110420884029978 ) ) ;
#1439 = CARTESIAN_POINT ( 'NONE',  ( -21.77086451918862053, 5.000000000000000000, -4.412015090083839297 ) ) ;
#1440 = CARTESIAN_POINT ( 'NONE',  ( -16.73635184447445567, 5.000000000000000000, -15.06162109060031185 ) ) ;
#1441 = CARTESIAN_POINT ( 'NONE',  ( -9.459018370362052508, 0.000000000000000000, 19.31780237155982505 ) ) ;
#1442 = CARTESIAN_POINT ( 'NONE',  ( 10.30344835115024260, 9.280770596475917955E-14, -19.82395295060691254 ) ) ;
#1443 = DIRECTION ( 'NONE',  ( 0.000000000000000000, 0.000000000000000000, 1.000000000000000000 ) ) ;
#1444 = ORIENTED_EDGE ( 'NONE', *, *, #1670, .F. ) ;
#1445 = FACE_OUTER_BOUND ( 'NONE', #642, .T. ) ;
#1446 = CARTESIAN_POINT ( 'NONE',  ( 13.98236440744586417, 0.000000000000000000, -17.61563912988489733 ) ) ;
#1447 = ORIENTED_EDGE ( 'NONE', *, *, #826, .F. ) ;
#1448 = CARTESIAN_POINT ( 'NONE',  ( 14.16379657430320904, 9.280770596475917955E-14, 17.49030561170899745 ) ) ;
#1449 = CARTESIAN_POINT ( 'NONE',  ( 20.86628673042814341, 5.000000000000000000, 5.145902190276689936 ) ) ;
#1450 = AXIS2_PLACEMENT_3D ( 'NONE', #1483, #376, #153 ) ;
#1451 = ADVANCED_FACE ( 'NONE', ( #983 ), #1752, .F. ) ;
#1452 = CARTESIAN_POINT ( 'NONE',  ( -12.43389540130056403, 5.000000000000000000, 18.74040472027401449 ) ) ;
#1453 = CARTESIAN_POINT ( 'NONE',  ( -22.18013886253398326, 5.000000000000000000, 1.147218267650284229 ) ) ;
#1454 = CARTESIAN_POINT ( 'NONE',  ( -16.29127566881314593, 5.000000000000000000, -15.57438319502826474 ) ) ;
#1455 = CARTESIAN_POINT ( 'NONE',  ( 12.76832621412308377, 0.000000000000000000, 17.84035428018212954 ) ) ;
#1456 = CARTESIAN_POINT ( 'NONE',  ( 14.73166043600201114, 9.280770596475917955E-14, -16.94085187504688861 ) ) ;
#1457 = CARTESIAN_POINT ( 'NONE',  ( 16.08225709792342073, 5.000000000000000000, -14.36918910718206277 ) ) ;
#1458 = AXIS2_PLACEMENT_3D ( 'NONE', #1722, #1170, #1900 ) ;
#1459 = CARTESIAN_POINT ( 'NONE',  ( -0.5342308938669430018, 0.000000000000000000, -22.34027540671333867 ) ) ;
#1460 = ORIENTED_EDGE ( 'NONE', *, *, #2156, .F. ) ;
#1461 = VECTOR ( 'NONE', #1952, 1000.000000000000000 ) ;
#1462 = CARTESIAN_POINT ( 'NONE',  ( 20.82250864574934468, 9.280770596475917955E-14, 6.338922960389920647 ) ) ;
#1463 = DIRECTION ( 'NONE',  ( 0.000000000000000000, 0.000000000000000000, -1.000000000000000000 ) ) ;
#1464 = CARTESIAN_POINT ( 'NONE',  ( -15.36109029890846145, 5.000000000000000000, 16.02548494545740354 ) ) ;
#1465 = CARTESIAN_POINT ( 'NONE',  ( -21.79361650126077166, 5.000000000000000000, 1.643608798694083717 ) ) ;
#1466 = CARTESIAN_POINT ( 'NONE',  ( -8.356770982150949933, 9.280770596475917955E-14, -20.11032701135525258 ) ) ;
#1467 = CARTESIAN_POINT ( 'NONE',  ( 18.61153382708216242, 0.000000000000000000, 11.68302830110954638 ) ) ;
#1468 = EDGE_CURVE ( 'NONE', #2230, #480, #148, .T. ) ;
#1469 = ORIENTED_EDGE ( 'NONE', *, *, #1655, .T. ) ;
#1470 = CARTESIAN_POINT ( 'NONE',  ( -10.09233983175401761, 0.000000000000000000, -19.26889937608049408 ) ) ;
#1471 = VERTEX_POINT ( 'NONE', #52 ) ;
#1472 = CARTESIAN_POINT ( 'NONE',  ( 20.92664269472878757, 9.280770596475917955E-14, 6.670776317479057305 ) ) ;
#1473 = CARTESIAN_POINT ( 'NONE',  ( 0.000000000000000000, 5.000000000000000000, -20.50000000000000000 ) ) ;
#1474 = CARTESIAN_POINT ( 'NONE',  ( -1.057287768853389043, 9.280770596475917955E-14, 22.47974504372256632 ) ) ;
#1475 = CARTESIAN_POINT ( 'NONE',  ( -21.29929237583566604, 5.000000000000000000, -3.079506214171177092 ) ) ;
#1476 = CARTESIAN_POINT ( 'NONE',  ( -19.77775950472992861, 5.000000000000000000, -10.76859641009512991 ) ) ;
#1477 = MANIFOLD_SOLID_BREP ( 'Boss-Extrude2', #1016 ) ;
#1478 = CARTESIAN_POINT ( 'NONE',  ( 21.07818027182894838, 0.000000000000000000, 7.322549411315046441 ) ) ;
#1479 = ADVANCED_FACE ( 'NONE', ( #1986, #1800 ), #811, .F. ) ;
#1480 = CARTESIAN_POINT ( 'NONE',  ( -11.34679346280999113, 0.000000000000000000, -19.30976098236157057 ) ) ;
#1481 = CARTESIAN_POINT ( 'NONE',  ( -1.367263375045599361, 5.000000000000000000, -22.48700827270518587 ) ) ;
#1482 = CARTESIAN_POINT ( 'NONE',  ( 21.07746081013751649, 9.280770596475917955E-14, 7.697824683383365674 ) ) ;
#1483 = CARTESIAN_POINT ( 'NONE',  ( -8.249999999999909406, 0.000000000000000000, 14.28941916244328958 ) ) ;
#1484 = ORIENTED_EDGE ( 'NONE', *, *, #2035, .F. ) ;
#1485 = CARTESIAN_POINT ( 'NONE',  ( -9.459018370362052508, 5.000000000000000000, 19.31780237155982505 ) ) ;
#1486 = CARTESIAN_POINT ( 'NONE',  ( -13.03396784021242816, 5.000000000000000000, 17.61633627995862028 ) ) ;
#1487 = DIRECTION ( 'NONE',  ( -0.000000000000000000, 1.000000000000000000, 0.000000000000000000 ) ) ;
#1488 = VECTOR ( 'NONE', #533, 1000.000000000000000 ) ;
#1489 = CARTESIAN_POINT ( 'NONE',  ( -20.58632099444723806, 5.000000000000000000, -7.084299027745396771 ) ) ;
#1490 = CARTESIAN_POINT ( 'NONE',  ( 22.28625403100240376, 0.000000000000000000, 1.981582502106071120 ) ) ;
#1491 = ORIENTED_EDGE ( 'NONE', *, *, #2111, .F. ) ;
#1492 = CARTESIAN_POINT ( 'NONE',  ( -19.98998378633133299, 0.000000000000000000, -9.695061486504986448 ) ) ;
#1493 = CARTESIAN_POINT ( 'NONE',  ( 20.84355583252543198, 5.000000000000000000, 8.492539021897748341 ) ) ;
#1494 = FACE_OUTER_BOUND ( 'NONE', #2038, .T. ) ;
#1495 = AXIS2_PLACEMENT_3D ( 'NONE', #1008, #756, #2305 ) ;
#1496 = CARTESIAN_POINT ( 'NONE',  ( -3.508432993571175551, 5.000000000000000000, 21.28155611680067949 ) ) ;
#1497 = CARTESIAN_POINT ( 'NONE',  ( -9.459018370362052508, 5.000000000000000000, 19.31780237155982505 ) ) ;
#1498 = CARTESIAN_POINT ( 'NONE',  ( -14.28941916244314214, 0.000000000000000000, -8.250000000000166978 ) ) ;
#1499 = CARTESIAN_POINT ( 'NONE',  ( -21.77086451918862053, 9.280770596475917955E-14, -4.412015090083839297 ) ) ;
#1500 = CARTESIAN_POINT ( 'NONE',  ( 20.33811948031327788, 5.000000000000000000, -9.127112020910885803 ) ) ;
#1501 = CARTESIAN_POINT ( 'NONE',  ( 19.79843673755888389, 0.000000000000000000, 9.474596916628540200 ) ) ;
#1502 = CARTESIAN_POINT ( 'NONE',  ( -19.89308346805845673, 0.000000000000000000, -9.076451436028458275 ) ) ;
#1503 = CARTESIAN_POINT ( 'NONE',  ( 14.28941916244325760, 0.000000000000000000, -8.249999999999968026 ) ) ;
#1504 = CARTESIAN_POINT ( 'NONE',  ( -1.367263375045599361, 9.280770596475917955E-14, -22.48700827270518587 ) ) ;
#1505 = CARTESIAN_POINT ( 'NONE',  ( 20.76145047374376773, 5.000000000000000000, 5.564770662496996145 ) ) ;
#1506 = CYLINDRICAL_SURFACE ( 'NONE', #852, 3.000000000000000888 ) ;
#1507 = EDGE_LOOP ( 'NONE', ( #593, #2315, #415, #1836 ) ) ;
#1508 = CARTESIAN_POINT ( 'NONE',  ( 0.3167353714766815154, 5.000000000000000000, 21.82201934417131639 ) ) ;
#1509 = CARTESIAN_POINT ( 'NONE',  ( -6.902823494266513649, 5.000000000000000000, 21.44569743698095365 ) ) ;
#1510 = DIRECTION ( 'NONE',  ( 0.000000000000000000, 1.000000000000000000, 0.000000000000000000 ) ) ;
#1511 = CARTESIAN_POINT ( 'NONE',  ( -21.70691270828490715, 5.000000000000000000, -1.735221765117164860 ) ) ;
#1512 = CARTESIAN_POINT ( 'NONE',  ( 20.95722718204746471, 5.000000000000000000, -6.762591152650058390 ) ) ;
#1513 = CARTESIAN_POINT ( 'NONE',  ( 14.28941916244325760, 5.000000000000000000, -8.249999999999968026 ) ) ;
#1514 = CARTESIAN_POINT ( 'NONE',  ( -16.99637780158235500, 0.000000000000000000, -13.66056940116030205 ) ) ;
#1515 = DIRECTION ( 'NONE',  ( 0.000000000000000000, 0.000000000000000000, -1.000000000000000000 ) ) ;
#1516 = CARTESIAN_POINT ( 'NONE',  ( -14.28941916244314214, 5.000000000000000000, -11.25000000000016698 ) ) ;
#1517 = CARTESIAN_POINT ( 'NONE',  ( -14.28941916244331445, 0.000000000000000000, 8.249999999999866773 ) ) ;
#1518 = ORIENTED_EDGE ( 'NONE', *, *, #677, .F. ) ;
#1519 = CARTESIAN_POINT ( 'NONE',  ( -9.873174211188187499, 9.280770596475917955E-14, 19.25886426171020815 ) ) ;
#1520 = CARTESIAN_POINT ( 'NONE',  ( -13.33819774590904395, 5.000000000000000000, 16.94193952922999102 ) ) ;
#1521 = CARTESIAN_POINT ( 'NONE',  ( 21.72293441095105493, 9.280770596475917955E-14, -0.9017881112250413222 ) ) ;
#1522 = CARTESIAN_POINT ( 'NONE',  ( -22.48065576699951507, 5.000000000000000000, -0.4806549054225557338 ) ) ;
#1523 = CARTESIAN_POINT ( 'NONE',  ( 6.402018612307342593, 5.000000000000000000, -20.50193368362607416 ) ) ;
#1524 = DIRECTION ( 'NONE',  ( -0.000000000000000000, 1.000000000000000000, -0.000000000000000000 ) ) ;
#1525 = VECTOR ( 'NONE', #1875, 1000.000000000000000 ) ;
#1526 = CARTESIAN_POINT ( 'NONE',  ( -17.52214277794370645, 0.000000000000000000, 12.42207143784108858 ) ) ;
#1527 = CARTESIAN_POINT ( 'NONE',  ( 18.60226712841783581, 5.000000000000000000, -11.05009224858528682 ) ) ;
#1528 = ORIENTED_EDGE ( 'NONE', *, *, #1914, .T. ) ;
#1529 = CARTESIAN_POINT ( 'NONE',  ( -0.5342308938669430018, 9.280770596475917955E-14, -22.34027540671333867 ) ) ;
#1530 = CARTESIAN_POINT ( 'NONE',  ( 14.28941916244320254, 5.000000000000000000, 5.250000000000067502 ) ) ;
#1531 = CARTESIAN_POINT ( 'NONE',  ( 17.09131436487689371, 0.000000000000000000, -14.03015730062688959 ) ) ;
#1532 = CARTESIAN_POINT ( 'NONE',  ( 8.890919825094563578, 9.280770596475917955E-14, 20.57649637958716937 ) ) ;
#1533 = CARTESIAN_POINT ( 'NONE',  ( 12.04034765615322833, 5.000000000000000000, 17.90750957085692718 ) ) ;
#1534 = VECTOR ( 'NONE', #972, 1000.000000000000000 ) ;
#1535 = CARTESIAN_POINT ( 'NONE',  ( 21.50489117795404681, 9.280770596475917955E-14, -0.1349914607427966096 ) ) ;
#1536 = COLOUR_RGB ( '',0.7921568627450980005, 0.8196078431372548767, 0.9333333333333333481 ) ;
#1537 = CARTESIAN_POINT ( 'NONE',  ( -20.07059466428747641, 9.280770596475917955E-14, 7.659669711287518723 ) ) ;
#1538 = CARTESIAN_POINT ( 'NONE',  ( 10.77942247263932884, 5.000000000000000000, -18.99270098566182341 ) ) ;
#1539 = CARTESIAN_POINT ( 'NONE',  ( 14.28941916244325760, 0.000000000000000000, -5.249999999999966249 ) ) ;
#1540 = UNCERTAINTY_MEASURE_WITH_UNIT (LENGTH_MEASURE( 1.000000000000000082E-05 ), #1433, 'distance_accuracy_value', 'NONE');
#1541 = EDGE_CURVE ( 'NONE', #614, #2368, #904, .T. ) ;
#1542 = CARTESIAN_POINT ( 'NONE',  ( -21.36421488129369806, 0.000000000000000000, 3.454313727073037299 ) ) ;
#1543 = CARTESIAN_POINT ( 'NONE',  ( 18.62104051834953111, 9.280770596475917955E-14, -12.06868843539179537 ) ) ;
#1544 = DIRECTION ( 'NONE',  ( -0.9998880226132219606, 0.000000000000000000, -0.01496469961679892761 ) ) ;
#1545 = CARTESIAN_POINT ( 'NONE',  ( 4.737062588639457950, 5.000000000000000000, -21.94744642612260321 ) ) ;
#1546 = CARTESIAN_POINT ( 'NONE',  ( 0.000000000000000000, 5.000000000000000000, -20.50000000000000000 ) ) ;
#1547 = CARTESIAN_POINT ( 'NONE',  ( 21.58757288828434895, 0.000000000000000000, -0.5709864164205591397 ) ) ;
#1548 = ORIENTED_EDGE ( 'NONE', *, *, #2240, .F. ) ;
#1549 = CARTESIAN_POINT ( 'NONE',  ( 6.009634009945245658, 9.280770596475917955E-14, 20.77777032840435467 ) ) ;
#1550 = CARTESIAN_POINT ( 'NONE',  ( 15.28347244000996774, 5.000000000000000000, 15.29358678437271912 ) ) ;
#1551 = CARTESIAN_POINT ( 'NONE',  ( 21.78545426654645922, 9.280770596475917955E-14, -1.019247931325178547 ) ) ;
#1552 = CARTESIAN_POINT ( 'NONE',  ( -21.54638996791861416, 5.000000000000000000, 3.890661396110727033 ) ) ;
#1553 = CARTESIAN_POINT ( 'NONE',  ( -9.790034832417008559, 5.000000000000000000, -19.27290536895272766 ) ) ;
#1554 = CARTESIAN_POINT ( 'NONE',  ( 0.000000000000000000, 1.000000000000000888, 0.000000000000000000 ) ) ;
#1555 = CARTESIAN_POINT ( 'NONE',  ( -19.97030800891668179, 0.000000000000000000, 9.473630970190583866 ) ) ;
#1556 = CARTESIAN_POINT ( 'NONE',  ( 20.95722718204746471, 5.000000000000000000, -6.762591152650058390 ) ) ;
#1557 = LINE ( 'NONE', #1331, #1619 ) ;
#1558 = EDGE_CURVE ( 'NONE', #172, #483, #781, .T. ) ;
#1559 = CARTESIAN_POINT ( 'NONE',  ( 5.711462571635219199, 5.000000000000000000, -21.08379121173055637 ) ) ;
#1560 = CARTESIAN_POINT ( 'NONE',  ( 21.51797157785674841, 9.280770596475917955E-14, 0.2670660802177913240 ) ) ;
#1561 = CARTESIAN_POINT ( 'NONE',  ( 20.76446497335488317, 0.000000000000000000, -6.066648157349497694 ) ) ;
#1562 = VERTEX_POINT ( 'NONE', #64 ) ;
#1563 = CARTESIAN_POINT ( 'NONE',  ( 5.739689019694768746, 5.000000000000000000, 21.05078398720911892 ) ) ;
#1564 = CARTESIAN_POINT ( 'NONE',  ( 14.16379657430320904, 5.000000000000000000, 17.49030561170899745 ) ) ;
#1565 = DIRECTION ( 'NONE',  ( -0.000000000000000000, 1.000000000000000000, 0.000000000000000000 ) ) ;
#1566 = CARTESIAN_POINT ( 'NONE',  ( -20.00560769983144382, 5.000000000000000000, 9.944334415332775734 ) ) ;
#1567 = CARTESIAN_POINT ( 'NONE',  ( 5.295754922585157232, 5.000000000000000000, -21.56050939871547811 ) ) ;
#1568 = CARTESIAN_POINT ( 'NONE',  ( 21.53630632600673067, 0.000000000000000000, 0.3716022844069878928 ) ) ;
#1569 = CARTESIAN_POINT ( 'NONE',  ( -20.00560769983144382, 0.000000000000000000, 9.944334415332775734 ) ) ;
#1570 = CARTESIAN_POINT ( 'NONE',  ( 20.33811948031327788, 5.000000000000000000, -9.127112020910885803 ) ) ;
#1571 = CARTESIAN_POINT ( 'NONE',  ( 8.249999999999909406, 0.000000000000000000, -16.78941916244328780 ) ) ;
#1572 = VECTOR ( 'NONE', #757, 1000.000000000000000 ) ;
#1573 = FILL_AREA_STYLE_COLOUR ( '', #1536 ) ;
#1574 = CARTESIAN_POINT ( 'NONE',  ( 18.60226712841783581, 0.000000000000000000, -11.05009224858528682 ) ) ;
#1575 = CARTESIAN_POINT ( 'NONE',  ( 11.64908305855899329, 9.280770596475917955E-14, 18.05325092785804486 ) ) ;
#1576 = CARTESIAN_POINT ( 'NONE',  ( 14.49556959822995417, 5.000000000000000000, 17.22081242546001434 ) ) ;
#1577 = EDGE_CURVE ( 'NONE', #518, #1602, #1421, .T. ) ;
#1578 = DIRECTION ( 'NONE',  ( 0.000000000000000000, -1.000000000000000000, 0.000000000000000000 ) ) ;
#1579 = CARTESIAN_POINT ( 'NONE',  ( -21.79361650126077166, 5.000000000000000000, 1.643608798694083717 ) ) ;
#1580 = AXIS2_PLACEMENT_3D ( 'NONE', #1763, #287, #275 ) ;
#1581 = CARTESIAN_POINT ( 'NONE',  ( -4.810101907745949035, 5.000000000000000000, -21.11747557759776583 ) ) ;
#1582 = AXIS2_PLACEMENT_3D ( 'NONE', #1905, #1111, #739 ) ;
#1583 = CARTESIAN_POINT ( 'NONE',  ( 10.07318053901029131, 0.000000000000000000, 20.05798689262453038 ) ) ;
#1584 = CARTESIAN_POINT ( 'NONE',  ( 18.58216647409973632, 5.000000000000000000, -12.39461443008922359 ) ) ;
#1585 = CARTESIAN_POINT ( 'NONE',  ( -22.49981387005197675, 5.000000000000000000, 0.02775441013197317910 ) ) ;
#1586 = CARTESIAN_POINT ( 'NONE',  ( 5.044084359542862828, 5.000000000000000000, -21.76739804958580748 ) ) ;
#1587 = CYLINDRICAL_SURFACE ( 'NONE', #587, 11.42500000000000071 ) ;
#1588 = CARTESIAN_POINT ( 'NONE',  ( 18.62104051834953111, 0.000000000000000000, -12.06868843539179537 ) ) ;
#1589 = ORIENTED_EDGE ( 'NONE', *, *, #1714, .F. ) ;
#1590 = CARTESIAN_POINT ( 'NONE',  ( 2.579725015210014849, 5.000000000000000000, 21.77656140965635245 ) ) ;
#1591 = CARTESIAN_POINT ( 'NONE',  ( 18.33237370132062694, 5.000000000000000000, 13.06061107704994484 ) ) ;
#1592 = CARTESIAN_POINT ( 'NONE',  ( 21.50954502575471849, 9.280770596475917955E-14, -4.274285065873563383 ) ) ;
#1593 = PRODUCT_RELATED_PRODUCT_CATEGORY ( 'part', '', ( #998 ) ) ;
#1594 = CARTESIAN_POINT ( 'NONE',  ( -22.52981702351516802, 5.000000000000000000, 0.03256193030718812498 ) ) ;
#1595 = CARTESIAN_POINT ( 'NONE',  ( 2.285360203109497945, 5.000000000000000000, -21.59716902287065921 ) ) ;
#1596 = CARTESIAN_POINT ( 'NONE',  ( -3.188279445688513292, 0.000000000000000000, 21.49261267939214193 ) ) ;
#1597 = CARTESIAN_POINT ( 'NONE',  ( 10.49542555107279718, 9.280770596475917955E-14, -19.55964423589754730 ) ) ;
#1598 = FACE_BOUND ( 'NONE', #103, .T. ) ;
#1599 = CARTESIAN_POINT ( 'NONE',  ( 2.760125969319107586, 9.280770596475917955E-14, -21.88866197609809561 ) ) ;
#1600 = CARTESIAN_POINT ( 'NONE',  ( 0.000000000000000000, -8.485281374238571317, 19.50000000000000000 ) ) ;
#1601 = CARTESIAN_POINT ( 'NONE',  ( 6.921690770212228117, 0.000000000000000000, -20.33835843069436677 ) ) ;
#1602 = VERTEX_POINT ( 'NONE', #1045 ) ;
#1603 = CARTESIAN_POINT ( 'NONE',  ( 15.28347244000996774, 9.280770596475917955E-14, 15.29358678437271912 ) ) ;
#1604 = CARTESIAN_POINT ( 'NONE',  ( 20.92664269472878757, 5.000000000000000000, 6.670776317479057305 ) ) ;
#1605 = CARTESIAN_POINT ( 'NONE',  ( -16.38887568046793675, 9.280770596475917955E-14, 15.45910962647926468 ) ) ;
#1606 = CARTESIAN_POINT ( 'NONE',  ( 3.277579760521635688, 5.000000000000000000, -22.09981042328130485 ) ) ;
#1607 = CARTESIAN_POINT ( 'NONE',  ( 3.783055418416479299, 0.000000000000000000, 22.17273410013656232 ) ) ;
#1608 = CARTESIAN_POINT ( 'NONE',  ( 17.92836219935211872, 9.280770596475917955E-14, -13.58076721890070715 ) ) ;
#1609 = CARTESIAN_POINT ( 'NONE',  ( -14.28941916244314214, 0.000000000000000000, -5.250000000000166089 ) ) ;
#1610 = ORIENTED_EDGE ( 'NONE', *, *, #82, .F. ) ;
#1611 = DIRECTION ( 'NONE',  ( 0.000000000000000000, 0.000000000000000000, 1.000000000000000000 ) ) ;
#1612 = CARTESIAN_POINT ( 'NONE',  ( 10.49542555107279718, 0.000000000000000000, -19.55964423589754730 ) ) ;
#1613 = ORIENTED_EDGE ( 'NONE', *, *, #1914, .F. ) ;
#1614 = CIRCLE ( 'NONE', #1371, 3.000000000000000888 ) ;
#1615 = CARTESIAN_POINT ( 'NONE',  ( 18.59510673382364843, 5.000000000000000000, 12.33107189773411783 ) ) ;
#1616 = CARTESIAN_POINT ( 'NONE',  ( 19.49412923771098960, 5.000000000000000000, 9.648430460438618184 ) ) ;
#1617 = CARTESIAN_POINT ( 'NONE',  ( -13.15533550296624909, 5.000000000000000000, 17.28110959521696088 ) ) ;
#1618 = CARTESIAN_POINT ( 'NONE',  ( -20.07059466428747641, 5.000000000000000000, 7.659669711287518723 ) ) ;
#1619 = VECTOR ( 'NONE', #223, 1000.000000000000000 ) ;
#1620 = CARTESIAN_POINT ( 'NONE',  ( -9.790034832417008559, 9.280770596475917955E-14, -19.27290536895272766 ) ) ;
#1621 = CARTESIAN_POINT ( 'NONE',  ( -11.21207722768804516, 0.000000000000000000, 19.32245884489204713 ) ) ;
#1622 = CARTESIAN_POINT ( 'NONE',  ( 16.08225709792342073, 9.280770596475917955E-14, -14.36918910718206277 ) ) ;
#1623 = CIRCLE ( 'NONE', #2023, 10.50000000000000000 ) ;
#1624 = CARTESIAN_POINT ( 'NONE',  ( -22.49981387005197675, 0.000000000000000000, 0.02775441013197317910 ) ) ;
#1625 = ORIENTED_EDGE ( 'NONE', *, *, #2002, .T. ) ;
#1626 = ADVANCED_FACE ( 'NONE', ( #1445 ), #1587, .F. ) ;
#1627 =( NAMED_UNIT ( * ) SI_UNIT ( $, .STERADIAN. ) SOLID_ANGLE_UNIT ( ) );
#1628 = CARTESIAN_POINT ( 'NONE',  ( -5.169132806799521695, 0.000000000000000000, -21.23396394726156444 ) ) ;
#1629 = ORIENTED_EDGE ( 'NONE', *, *, #570, .T. ) ;
#1630 = CARTESIAN_POINT ( 'NONE',  ( 18.61153382708216242, 9.280770596475917955E-14, 11.68302830110954638 ) ) ;
#1631 = DIRECTION ( 'NONE',  ( 0.000000000000000000, 0.000000000000000000, 1.000000000000000000 ) ) ;
#1632 = CARTESIAN_POINT ( 'NONE',  ( -11.21207722768804516, 9.280770596475917955E-14, 19.32245884489204713 ) ) ;
#1633 = CARTESIAN_POINT ( 'NONE',  ( -21.27523619974635949, 5.000000000000000000, 2.953572409493871120 ) ) ;
#1634 = CARTESIAN_POINT ( 'NONE',  ( -12.75667528841644227, 9.280770596475917955E-14, -18.32699083495355552 ) ) ;
#1635 = CARTESIAN_POINT ( 'NONE',  ( 1.904213195894420396, 0.000000000000000000, 21.48793032452932650 ) ) ;
#1636 = CARTESIAN_POINT ( 'NONE',  ( 13.98236440744586417, 9.280770596475917955E-14, -17.61563912988489733 ) ) ;
#1637 = CARTESIAN_POINT ( 'NONE',  ( 8.249999999999909406, -7.071067811865475505, -14.28941916244328958 ) ) ;
#1638 = ORIENTED_EDGE ( 'NONE', *, *, #4, .T. ) ;
#1639 = CARTESIAN_POINT ( 'NONE',  ( 0.000000000000000000, 5.000000000000000000, -16.50000000000000000 ) ) ;
#1640 = CARTESIAN_POINT ( 'NONE',  ( 5.498217892342131208, 0.000000000000000000, -21.34390970333198112 ) ) ;
#1641 = ORIENTED_EDGE ( 'NONE', *, *, #732, .F. ) ;
#1642 = CARTESIAN_POINT ( 'NONE',  ( 18.61473707560498880, 9.280770596475917955E-14, 10.96768386098549541 ) ) ;
#1643 = CARTESIAN_POINT ( 'NONE',  ( -14.28941916244331445, -8.485281374238571317, 5.249999999999865885 ) ) ;
#1644 = CARTESIAN_POINT ( 'NONE',  ( -15.98887339193418988, 9.280770596475917955E-14, 15.76212794531016748 ) ) ;
#1645 = CARTESIAN_POINT ( 'NONE',  ( -19.89308346805845673, 5.000000000000000000, -9.076451436028458275 ) ) ;
#1646 = CARTESIAN_POINT ( 'NONE',  ( -12.39134575125369331, 9.280770596475917955E-14, -18.80266724927511390 ) ) ;
#1647 = CARTESIAN_POINT ( 'NONE',  ( 10.99396934736241782, 0.000000000000000000, 18.62224419397658437 ) ) ;
#1648 = CARTESIAN_POINT ( 'NONE',  ( 11.23650461838285075, 9.280770596475917955E-14, -18.34281772605192629 ) ) ;
#1649 = CARTESIAN_POINT ( 'NONE',  ( 10.30344835115024260, 5.000000000000000000, -19.82395295060691254 ) ) ;
#1650 = CARTESIAN_POINT ( 'NONE',  ( 14.91287243695813380, 0.000000000000000000, -16.63260165039304184 ) ) ;
#1651 = ORIENTED_EDGE ( 'NONE', *, *, #128, .F. ) ;
#1652 = CARTESIAN_POINT ( 'NONE',  ( 16.12447728433854266, 5.000000000000000000, 14.34571999264067088 ) ) ;
#1653 = CARTESIAN_POINT ( 'NONE',  ( 20.75573503639132156, 5.000000000000000000, 5.968942064567079875 ) ) ;
#1654 = CIRCLE ( 'NONE', #58, 3.000000000000000444 ) ;
#1655 = EDGE_CURVE ( 'NONE', #492, #886, #861, .T. ) ;
#1656 = CARTESIAN_POINT ( 'NONE',  ( -15.06923526613145370, 5.000000000000000000, 16.07970270468554119 ) ) ;
#1657 = CARTESIAN_POINT ( 'NONE',  ( -21.31729384549186435, 5.000000000000000000, -2.626299800665655937 ) ) ;
#1658 = CARTESIAN_POINT ( 'NONE',  ( -9.453775673318984829, 5.000000000000000000, -19.32589433114494426 ) ) ;
#1659 = PRODUCT_DEFINITION_FORMATION_WITH_SPECIFIED_SOURCE ( 'ANY', '', #998, .NOT_KNOWN. ) ;
#1660 = CARTESIAN_POINT ( 'NONE',  ( 21.28757890596713054, 0.000000000000000000, 4.490419955212656689 ) ) ;
#1661 = CIRCLE ( 'NONE', #2371, 11.42500000000000071 ) ;
#1662 = CARTESIAN_POINT ( 'NONE',  ( 5.973369427709994461, 5.000000000000000000, -20.80920466506381317 ) ) ;
#1663 = CIRCLE ( 'NONE', #2415, 3.000000000000000888 ) ;
#1664 = CARTESIAN_POINT ( 'NONE',  ( -21.65216529524314382, 0.000000000000000000, -6.061707092074206216 ) ) ;
#1665 = ORIENTED_EDGE ( 'NONE', *, *, #813, .F. ) ;
#1666 = CARTESIAN_POINT ( 'NONE',  ( 20.82250864574934468, 5.000000000000000000, 6.338922960389920647 ) ) ;
#1667 = DIRECTION ( 'NONE',  ( 0.000000000000000000, 0.000000000000000000, -1.000000000000000000 ) ) ;
#1668 = CARTESIAN_POINT ( 'NONE',  ( 1.489492014169317757, 5.000000000000000000, 21.43166373960940163 ) ) ;
#1669 = CARTESIAN_POINT ( 'NONE',  ( -21.52151034254656992, 5.000000000000000000, -3.835956348183114706 ) ) ;
#1670 = EDGE_CURVE ( 'NONE', #1223, #1161, #330, .T. ) ;
#1671 = CARTESIAN_POINT ( 'NONE',  ( -9.082581512475268681, 5.000000000000000000, -19.46374687675191595 ) ) ;
#1672 = CARTESIAN_POINT ( 'NONE',  ( 18.59510673382364843, 0.000000000000000000, 12.33107189773411783 ) ) ;
#1673 = ORIENTED_EDGE ( 'NONE', *, *, #2272, .F. ) ;
#1674 = CARTESIAN_POINT ( 'NONE',  ( -6.434154236828361739, 0.000000000000000000, -21.51385489408059115 ) ) ;
#1675 = EDGE_LOOP ( 'NONE', ( #135, #1025 ) ) ;
#1676 = CARTESIAN_POINT ( 'NONE',  ( -5.479899183540631213, 5.000000000000000000, -21.35853008466362013 ) ) ;
#1677 = CARTESIAN_POINT ( 'NONE',  ( 21.07746081013751649, 5.000000000000000000, 7.697824683383365674 ) ) ;
#1678 = DIRECTION ( 'NONE',  ( 0.000000000000000000, 0.000000000000000000, 1.000000000000000000 ) ) ;
#1679 = CARTESIAN_POINT ( 'NONE',  ( -9.038192037880749652, 9.280770596475917955E-14, 19.48772292464589029 ) ) ;
#1680 = CARTESIAN_POINT ( 'NONE',  ( -18.60232997469848115, 5.000000000000000000, 11.82387990937790079 ) ) ;
#1681 = CARTESIAN_POINT ( 'NONE',  ( 21.50000000000001066, 5.000000000000000000, -8.470329472543003391E-18 ) ) ;
#1682 = CARTESIAN_POINT ( 'NONE',  ( -20.24594093444912346, 9.280770596475917955E-14, -7.418047431653015167 ) ) ;
#1683 = CARTESIAN_POINT ( 'NONE',  ( 20.84355583252543198, 0.000000000000000000, 8.492539021897748341 ) ) ;
#1684 = ORIENTED_EDGE ( 'NONE', *, *, #1296, .F. ) ;
#1685 = CARTESIAN_POINT ( 'NONE',  ( -12.97857481093140031, 0.000000000000000000, -17.81858781351716559 ) ) ;
#1686 = ORIENTED_EDGE ( 'NONE', *, *, #450, .F. ) ;
#1687 = CARTESIAN_POINT ( 'NONE',  ( 1.713456872414420573, 9.280770596475917955E-14, -21.41422187673773081 ) ) ;
#1688 = CARTESIAN_POINT ( 'NONE',  ( 21.88090582405750695, 9.280770596475917955E-14, 1.181287950643800322 ) ) ;
#1689 = DIRECTION ( 'NONE',  ( -0.000000000000000000, 1.000000000000000000, -0.000000000000000000 ) ) ;
#1690 = CARTESIAN_POINT ( 'NONE',  ( -6.047650463812114907, 5.000000000000000000, 21.50303339580093009 ) ) ;
#1691 = CARTESIAN_POINT ( 'NONE',  ( -15.06923526613145370, 5.000000000000000000, 16.07970270468554119 ) ) ;
#1692 = CARTESIAN_POINT ( 'NONE',  ( 0.000000000000000000, -1.414213562373095145, -20.00000000000000000 ) ) ;
#1693 = AXIS2_PLACEMENT_3D ( 'NONE', #2051, #1689, #2455 ) ;
#1694 = CARTESIAN_POINT ( 'NONE',  ( -19.98998378633133299, 9.280770596475917955E-14, -9.695061486504986448 ) ) ;
#1695 = CARTESIAN_POINT ( 'NONE',  ( 18.61473707560498880, 0.000000000000000000, 10.96768386098549541 ) ) ;
#1696 = CARTESIAN_POINT ( 'NONE',  ( -17.61503897814456110, 0.000000000000000000, -12.35920390209712671 ) ) ;
#1697 = DIRECTION ( 'NONE',  ( 0.000000000000000000, 1.000000000000000000, 0.000000000000000000 ) ) ;
#1698 = ADVANCED_FACE ( 'NONE', ( #105 ), #119, .F. ) ;
#1699 = CARTESIAN_POINT ( 'NONE',  ( -0.8757797432479775823, 9.280770596475917955E-14, -22.43703506581987739 ) ) ;
#1700 = CARTESIAN_POINT ( 'NONE',  ( 22.36842152426624608, 5.000000000000000000, 2.421033858417629858 ) ) ;
#1701 = DIRECTION ( 'NONE',  ( -0.000000000000000000, 1.000000000000000000, -0.000000000000000000 ) ) ;
#1702 = AXIS2_PLACEMENT_3D ( 'NONE', #1585, #87, #479 ) ;
#1703 = EDGE_LOOP ( 'NONE', ( #54, #2392 ) ) ;
#1704 = CARTESIAN_POINT ( 'NONE',  ( -2.683863792343782251, 9.280770596475917955E-14, 21.95213546304658081 ) ) ;
#1705 = CARTESIAN_POINT ( 'NONE',  ( -8.698282208297683837, 5.000000000000000000, 19.73358772238366043 ) ) ;
#1706 = DIRECTION ( 'NONE',  ( 0.000000000000000000, 0.000000000000000000, -1.000000000000000000 ) ) ;
#1707 = CARTESIAN_POINT ( 'NONE',  ( -18.29212202922914443, 5.000000000000000000, -11.94145082154749105 ) ) ;
#1708 = CARTESIAN_POINT ( 'NONE',  ( 20.05014298133982820, 5.000000000000000000, -9.334985577983069049 ) ) ;
#1709 = CARTESIAN_POINT ( 'NONE',  ( -12.75667528841644227, 0.000000000000000000, -18.32699083495355552 ) ) ;
#1710 = ORIENTED_EDGE ( 'NONE', *, *, #1095, .F. ) ;
#1711 = CARTESIAN_POINT ( 'NONE',  ( -2.706006989995653367, 5.000000000000000000, -21.93403696113244550 ) ) ;
#1712 = CARTESIAN_POINT ( 'NONE',  ( 19.49412923771098960, 9.280770596475917955E-14, 9.648430460438618184 ) ) ;
#1713 = LINE ( 'NONE', #1285, #1572 ) ;
#1714 = EDGE_CURVE ( 'NONE', #788, #2419, #1614, .T. ) ;
#1715 = CARTESIAN_POINT ( 'NONE',  ( -6.405616351157335409, 5.000000000000000000, 21.51602309213578934 ) ) ;
#1716 = CARTESIAN_POINT ( 'NONE',  ( -13.97533646099007854, 5.000000000000000000, 16.35339825941926861 ) ) ;
#1717 = LINE ( 'NONE', #1692, #1019 ) ;
#1718 = CARTESIAN_POINT ( 'NONE',  ( -19.92336198037230588, 5.000000000000000000, -10.36435507865290795 ) ) ;
#1719 = CARTESIAN_POINT ( 'NONE',  ( 7.428580823040705994, 5.000000000000000000, -20.34228469407172923 ) ) ;
#1720 = UNCERTAINTY_MEASURE_WITH_UNIT (LENGTH_MEASURE( 1.000000000000000082E-05 ), #991, 'distance_accuracy_value', 'NONE');
#1721 = CARTESIAN_POINT ( 'NONE',  ( -22.00796252615863224, 0.000000000000000000, 1.386698790421983407 ) ) ;
#1722 = CARTESIAN_POINT ( 'NONE',  ( 8.249999999999909406, 5.000000000000000000, -14.28941916244328958 ) ) ;
#1723 = CARTESIAN_POINT ( 'NONE',  ( -4.810101907745949035, 5.000000000000000000, -21.11747557759776583 ) ) ;
#1724 = CARTESIAN_POINT ( 'NONE',  ( 21.50566401628141833, 9.280770596475917955E-14, 0.1632872092306548173 ) ) ;
#1725 = CARTESIAN_POINT ( 'NONE',  ( 20.33811948031327788, 0.000000000000000000, -9.127112020910885803 ) ) ;
#1726 = CARTESIAN_POINT ( 'NONE',  ( 5.739689019694768746, 9.280770596475917955E-14, 21.05078398720911892 ) ) ;
#1727 = CARTESIAN_POINT ( 'NONE',  ( -14.36220943432103425, 5.000000000000000000, 16.19558012670445635 ) ) ;
#1728 = CYLINDRICAL_SURFACE ( 'NONE', #2101, 10.50000000000000000 ) ;
#1729 = EDGE_CURVE ( 'NONE', #566, #1602, #1036, .T. ) ;
#1730 = CARTESIAN_POINT ( 'NONE',  ( -19.50747475164444822, 9.280770596475917955E-14, -11.19700028357407895 ) ) ;
#1731 = CARTESIAN_POINT ( 'NONE',  ( 18.59498551408303157, 5.000000000000000000, -11.43208890142673084 ) ) ;
#1732 = DIRECTION ( 'NONE',  ( 0.000000000000000000, 0.000000000000000000, 1.000000000000000000 ) ) ;
#1733 = CIRCLE ( 'NONE', #2244, 3.000000000000000888 ) ;
#1734 = CARTESIAN_POINT ( 'NONE',  ( -15.67149010138061271, 0.000000000000000000, 15.92435830585016454 ) ) ;
#1735 = CARTESIAN_POINT ( 'NONE',  ( 21.09486257020671474, 9.280770596475917955E-14, -7.480656397617877928 ) ) ;
#1736 = DIRECTION ( 'NONE',  ( 0.000000000000000000, 1.000000000000000000, 0.000000000000000000 ) ) ;
#1737 = CARTESIAN_POINT ( 'NONE',  ( 6.402018612307342593, 9.280770596475917955E-14, -20.50193368362607416 ) ) ;
#1738 = DIRECTION ( 'NONE',  ( 0.000000000000000000, 0.000000000000000000, -1.000000000000000000 ) ) ;
#1739 = CARTESIAN_POINT ( 'NONE',  ( 20.88881186571105886, 0.000000000000000000, -8.429787769716346801 ) ) ;
#1740 = EDGE_LOOP ( 'NONE', ( #2115, #2209 ) ) ;
#1741 = CARTESIAN_POINT ( 'NONE',  ( 10.07318053901029131, 9.280770596475917955E-14, 20.05798689262453038 ) ) ;
#1742 = CARTESIAN_POINT ( 'NONE',  ( 9.363541621766923839, 5.000000000000000000, 20.46556076015426839 ) ) ;
#1743 = AXIS2_PLACEMENT_3D ( 'NONE', #365, #1510, #557 ) ;
#1744 = CARTESIAN_POINT ( 'NONE',  ( 21.62576967926267457, 9.280770596475917955E-14, -0.6808893225876955224 ) ) ;
#1745 =( GEOMETRIC_REPRESENTATION_CONTEXT ( 3 ) GLOBAL_UNCERTAINTY_ASSIGNED_CONTEXT ( ( #1540 ) ) GLOBAL_UNIT_ASSIGNED_CONTEXT ( ( #1433, #277, #1627 ) ) REPRESENTATION_CONTEXT ( 'NONE', 'WORKASPACE' ) );
#1746 = CARTESIAN_POINT ( 'NONE',  ( -21.36421488129369806, 5.000000000000000000, 3.454313727073037299 ) ) ;
#1747 = CARTESIAN_POINT ( 'NONE',  ( -0.2392254170999260909, 5.000000000000000000, -22.20380806197471912 ) ) ;
#1748 = CARTESIAN_POINT ( 'NONE',  ( 21.50566401628141833, 0.000000000000000000, 0.1632872092306548173 ) ) ;
#1749 = EDGE_CURVE ( 'NONE', #886, #2199, #539, .T. ) ;
#1750 = CARTESIAN_POINT ( 'NONE',  ( -21.69588645582567921, 0.000000000000000000, 4.202493127171475606 ) ) ;
#1751 = CYLINDRICAL_SURFACE ( 'NONE', #2252, 10.50000000000000000 ) ;
#1752 = CYLINDRICAL_SURFACE ( 'NONE', #667, 3.000000000000000888 ) ;
#1753 = CARTESIAN_POINT ( 'NONE',  ( 21.51955558330829632, 0.000000000000000000, -0.2743584981249997945 ) ) ;
#1754 = VERTEX_POINT ( 'NONE', #2029 ) ;
#1755 = CARTESIAN_POINT ( 'NONE',  ( 5.523491298150688067, 9.280770596475917955E-14, 21.31355679212077803 ) ) ;
#1756 = CARTESIAN_POINT ( 'NONE',  ( 13.80662175134598613, 5.000000000000000000, 17.67939977474270918 ) ) ;
#1757 = CARTESIAN_POINT ( 'NONE',  ( 21.50000000000001066, 5.000000000000000000, -8.470329472543003391E-18 ) ) ;
#1758 = CARTESIAN_POINT ( 'NONE',  ( -20.40223045785138112, 5.000000000000000000, 7.259132681061115200 ) ) ;
#1759 = CARTESIAN_POINT ( 'NONE',  ( -6.080084768685383168, 5.000000000000000000, -21.50617286497544001 ) ) ;
#1760 = DIRECTION ( 'NONE',  ( 0.000000000000000000, 1.000000000000000000, 0.000000000000000000 ) ) ;
#1761 = CARTESIAN_POINT ( 'NONE',  ( -21.31729384549186435, 0.000000000000000000, -2.626299800665655937 ) ) ;
#1762 = CARTESIAN_POINT ( 'NONE',  ( 19.45755522695945672, 5.000000000000000000, -9.672411826660402667 ) ) ;
#1763 = CARTESIAN_POINT ( 'NONE',  ( 0.000000000000000000, 0.000000000000000000, 0.000000000000000000 ) ) ;
#1764 = DIRECTION ( 'NONE',  ( 0.000000000000000000, 0.000000000000000000, -1.000000000000000000 ) ) ;
#1765 = CARTESIAN_POINT ( 'NONE',  ( 19.76340491135338695, 0.000000000000000000, -9.493133530890901284 ) ) ;
#1766 = CARTESIAN_POINT ( 'NONE',  ( 9.363541621766923839, 9.280770596475917955E-14, 20.46556076015426839 ) ) ;
#1767 = CARTESIAN_POINT ( 'NONE',  ( 15.11127163087716241, 5.000000000000000000, 15.99978488622672401 ) ) ;
#1768 = CARTESIAN_POINT ( 'NONE',  ( 0.000000000000000000, 5.000000000000000000, 11.42500000000000071 ) ) ;
#1769 = CARTESIAN_POINT ( 'NONE',  ( -21.80935849464485798, 9.280770596475917955E-14, 5.646969613588339598 ) ) ;
#1770 = CARTESIAN_POINT ( 'NONE',  ( -6.929586978713635936, 5.000000000000000000, -21.43766386916052369 ) ) ;
#1771 = AXIS2_PLACEMENT_3D ( 'NONE', #2131, #1524, #234 ) ;
#1772 = CARTESIAN_POINT ( 'NONE',  ( -21.84901569971967206, 0.000000000000000000, 4.650092570530846459 ) ) ;
#1773 = CARTESIAN_POINT ( 'NONE',  ( 18.48412764836012911, 5.000000000000000000, -12.73938536082835071 ) ) ;
#1774 = FACE_OUTER_BOUND ( 'NONE', #746, .T. ) ;
#1775 = CARTESIAN_POINT ( 'NONE',  ( 21.50000000000001066, 9.280770596475917955E-14, 0.02279564771541051776 ) ) ;
#1776 = CARTESIAN_POINT ( 'NONE',  ( 19.15780524888745973, 0.000000000000000000, -9.911149431303957869 ) ) ;
#1777 = ORIENTED_EDGE ( 'NONE', *, *, #2331, .F. ) ;
#1778 = EDGE_CURVE ( 'NONE', #1104, #2047, #15, .T. ) ;
#1779 = CARTESIAN_POINT ( 'NONE',  ( 6.783114608242779120, 9.280770596475917955E-14, 20.38525983341778414 ) ) ;
#1780 = CARTESIAN_POINT ( 'NONE',  ( 10.51461464122931311, 5.000000000000000000, 19.52876899409673683 ) ) ;
#1781 = CARTESIAN_POINT ( 'NONE',  ( 21.02612632579967666, 5.000000000000000000, -4.826745306682585834 ) ) ;
#1782 = CARTESIAN_POINT ( 'NONE',  ( -22.18013886253398326, 5.000000000000000000, 1.147218267650284229 ) ) ;
#1783 = CARTESIAN_POINT ( 'NONE',  ( -13.09833161271628832, 5.000000000000000000, -17.39191390971643258 ) ) ;
#1784 = CIRCLE ( 'NONE', #1743, 2.500000000000000444 ) ;
#1785 = CARTESIAN_POINT ( 'NONE',  ( -10.58865834637474101, 0.000000000000000000, 19.32110420884029978 ) ) ;
#1786 = CARTESIAN_POINT ( 'NONE',  ( 19.15780524888745973, 5.000000000000000000, -9.911149431303957869 ) ) ;
#1787 = DIRECTION ( 'NONE',  ( -0.000000000000000000, 1.000000000000000000, -0.000000000000000000 ) ) ;
#1788 = CARTESIAN_POINT ( 'NONE',  ( 3.277579760521635688, 5.000000000000000000, -22.09981042328130485 ) ) ;
#1789 = CARTESIAN_POINT ( 'NONE',  ( 21.51043327356235224, 5.000000000000000000, -0.1979930402887173924 ) ) ;
#1790 = CARTESIAN_POINT ( 'NONE',  ( 0.01072009540453694454, 0.000000000000000000, -22.04551762440645746 ) ) ;
#1791 = ORIENTED_EDGE ( 'NONE', *, *, #2021, .T. ) ;
#1792 = CARTESIAN_POINT ( 'NONE',  ( 14.49556959822995417, 9.280770596475917955E-14, 17.22081242546001434 ) ) ;
#1793 = CARTESIAN_POINT ( 'NONE',  ( 4.294081650227393965, 5.000000000000000000, 22.11590148708446080 ) ) ;
#1794 = CARTESIAN_POINT ( 'NONE',  ( -17.20525335778926745, 9.280770596475917955E-14, 12.86528232331554911 ) ) ;
#1795 = CARTESIAN_POINT ( 'NONE',  ( -3.314509588424145115, 5.000000000000000000, -21.38751730179362553 ) ) ;
#1796 = CARTESIAN_POINT ( 'NONE',  ( -5.128740485206328081, 0.000000000000000000, 21.21847595522604735 ) ) ;
#1797 = CARTESIAN_POINT ( 'NONE',  ( 11.99369300426620910, 9.280770596475917955E-14, -17.91997479826702744 ) ) ;
#1798 = CARTESIAN_POINT ( 'NONE',  ( 1.285879139104720831E-15, 1.000000000000000000, 10.50000000000000000 ) ) ;
#1799 = ORIENTED_EDGE ( 'NONE', *, *, #2002, .F. ) ;
#1800 = FACE_OUTER_BOUND ( 'NONE', #1703, .T. ) ;
#1801 = CARTESIAN_POINT ( 'NONE',  ( 14.40524625795973890, 0.000000000000000000, -17.32225399579272462 ) ) ;
#1802 = ORIENTED_EDGE ( 'NONE', *, *, #1144, .T. ) ;
#1803 = CARTESIAN_POINT ( 'NONE',  ( 17.45226867970450968, 5.000000000000000000, 13.88641541379071853 ) ) ;
#1804 = CARTESIAN_POINT ( 'NONE',  ( 21.64883228469616583, 5.000000000000000000, 0.7428700076874411584 ) ) ;
#1805 = CARTESIAN_POINT ( 'NONE',  ( -13.97533646099007854, 5.000000000000000000, 16.35339825941926861 ) ) ;
#1806 = CARTESIAN_POINT ( 'NONE',  ( -19.87004465647144258, 5.000000000000000000, 8.161827089493092657 ) ) ;
#1807 = ADVANCED_FACE ( 'NONE', ( #2040 ), #329, .F. ) ;
#1808 = CARTESIAN_POINT ( 'NONE',  ( -8.665300534411271016, 5.000000000000000000, -19.74894219727848821 ) ) ;
#1809 = CARTESIAN_POINT ( 'NONE',  ( -7.769557412483884207, 0.000000000000000000, 20.94955412080608426 ) ) ;
#1810 = CARTESIAN_POINT ( 'NONE',  ( 15.10382500313026455, 5.000000000000000000, -16.03872553862217387 ) ) ;
#1811 = FACE_OUTER_BOUND ( 'NONE', #860, .T. ) ;
#1812 = VERTEX_POINT ( 'NONE', #655 ) ;
#1813 = CARTESIAN_POINT ( 'NONE',  ( 21.78545426654645922, 5.000000000000000000, -1.019247931325178547 ) ) ;
#1814 = CARTESIAN_POINT ( 'NONE',  ( -3.314509588424145115, 0.000000000000000000, -21.38751730179362553 ) ) ;
#1815 = CIRCLE ( 'NONE', #970, 3.000000000000000888 ) ;
#1816 = CARTESIAN_POINT ( 'NONE',  ( 16.81205253432334246, 5.000000000000000000, 14.10255858975283516 ) ) ;
#1817 = CARTESIAN_POINT ( 'NONE',  ( 22.36842152426624608, 5.000000000000000000, 2.421033858417629858 ) ) ;
#1818 = CARTESIAN_POINT ( 'NONE',  ( -13.15533550296624909, 9.280770596475917955E-14, 17.28110959521696088 ) ) ;
#1819 = CARTESIAN_POINT ( 'NONE',  ( -18.70697218268701434, 5.000000000000000000, -11.78808110821641542 ) ) ;
#1820 = CIRCLE ( 'NONE', #186, 3.000000000000000888 ) ;
#1821 = CARTESIAN_POINT ( 'NONE',  ( -10.35277178708243362, 9.280770596475917955E-14, -19.28986982488140711 ) ) ;
#1822 = EDGE_CURVE ( 'NONE', #2199, #886, #136, .T. ) ;
#1823 = CARTESIAN_POINT ( 'NONE',  ( 2.866674117458312132, 0.000000000000000000, 21.93313288342764622 ) ) ;
#1824 = CARTESIAN_POINT ( 'NONE',  ( 14.91287243695813380, 9.280770596475917955E-14, -16.63260165039304184 ) ) ;
#1825 = DIRECTION ( 'NONE',  ( 0.000000000000000000, -0.000000000000000000, -1.000000000000000000 ) ) ;
#1826 = VERTEX_POINT ( 'NONE', #912 ) ;
#1827 = CARTESIAN_POINT ( 'NONE',  ( 4.273850966298175180, 0.000000000000000000, -22.11930922727231419 ) ) ;
#1828 = ORIENTED_EDGE ( 'NONE', *, *, #36, .T. ) ;
#1829 = CARTESIAN_POINT ( 'NONE',  ( 16.12447728433854266, 9.280770596475917955E-14, 14.34571999264067088 ) ) ;
#1830 = CARTESIAN_POINT ( 'NONE',  ( 22.14156814808243112, 5.000000000000000000, 1.635443323688544393 ) ) ;
#1831 = CARTESIAN_POINT ( 'NONE',  ( -16.98606009937788031, 5.000000000000000000, 14.14222531095846946 ) ) ;
#1832 = CARTESIAN_POINT ( 'NONE',  ( -21.61028601707824848, 5.000000000000000000, 6.099056666981929276 ) ) ;
#1833 = CARTESIAN_POINT ( 'NONE',  ( -17.34070718000092981, 9.280770596475917955E-14, -12.67707834016943558 ) ) ;
#1834 = CARTESIAN_POINT ( 'NONE',  ( 9.363541621766923839, 0.000000000000000000, 20.46556076015426839 ) ) ;
#1835 = CARTESIAN_POINT ( 'NONE',  ( 17.92836219935211872, 5.000000000000000000, -13.58076721890070715 ) ) ;
#1836 = ORIENTED_EDGE ( 'NONE', *, *, #2257, .T. ) ;
#1837 = CARTESIAN_POINT ( 'NONE',  ( 10.96630529631671003, 5.000000000000000000, -18.66169890383082830 ) ) ;
#1838 = CARTESIAN_POINT ( 'NONE',  ( 0.2812229978203656389, 0.000000000000000000, -21.84708887546637968 ) ) ;
#1839 = CARTESIAN_POINT ( 'NONE',  ( 14.74855766168457372, 9.280770596475917955E-14, 16.91757662551263408 ) ) ;
#1840 = CARTESIAN_POINT ( 'NONE',  ( -8.249999999999909406, 5.000000000000000000, 14.28941916244328958 ) ) ;
#1841 = CARTESIAN_POINT ( 'NONE',  ( -7.402598313041606204, 5.000000000000000000, -21.23266348413103799 ) ) ;
#1842 = CARTESIAN_POINT ( 'NONE',  ( -13.33819774590904395, 5.000000000000000000, 16.94193952922999102 ) ) ;
#1843 = CARTESIAN_POINT ( 'NONE',  ( -21.57173953273083100, 5.000000000000000000, 1.948636680162103785 ) ) ;
#1844 = CARTESIAN_POINT ( 'NONE',  ( -11.34679346280999113, 5.000000000000000000, -19.30976098236157057 ) ) ;
#1845 = CARTESIAN_POINT ( 'NONE',  ( 20.08084485516624440, 0.000000000000000000, 9.315588836521307314 ) ) ;
#1846 = CARTESIAN_POINT ( 'NONE',  ( 16.43207818366992257, 9.280770596475917955E-14, -14.21048366289349296 ) ) ;
#1847 = CARTESIAN_POINT ( 'NONE',  ( 13.05751571234681307, 5.000000000000000000, -17.84017766614782730 ) ) ;
#1848 = CARTESIAN_POINT ( 'NONE',  ( -20.24594093444912346, 0.000000000000000000, -7.418047431653015167 ) ) ;
#1849 = ORIENTED_EDGE ( 'NONE', *, *, #1437, .T. ) ;
#1850 = CARTESIAN_POINT ( 'NONE',  ( 21.56051267682079242, 5.000000000000000000, 0.4762564980949328675 ) ) ;
#1851 = DIRECTION ( 'NONE',  ( -0.000000000000000000, 1.000000000000000000, -0.000000000000000000 ) ) ;
#1852 = EDGE_CURVE ( 'NONE', #1291, #317, #575, .T. ) ;
#1853 = CIRCLE ( 'NONE', #1932, 3.000000000000000888 ) ;
#1854 = CARTESIAN_POINT ( 'NONE',  ( 0.04268108532124406662, 9.280770596475917955E-14, 22.02260297745268147 ) ) ;
#1855 = CARTESIAN_POINT ( 'NONE',  ( -21.41310470233255003, 5.000000000000000000, 6.393941277939610757 ) ) ;
#1856 = CARTESIAN_POINT ( 'NONE',  ( -10.92146287376307257, 9.280770596475917955E-14, -19.34185077942400000 ) ) ;
#1857 = CARTESIAN_POINT ( 'NONE',  ( 19.19304229912935966, 0.000000000000000000, 9.878112972868946073 ) ) ;
#1858 = ORIENTED_EDGE ( 'NONE', *, *, #2287, .T. ) ;
#1859 = VECTOR ( 'NONE', #2208, 1000.000000000000000 ) ;
#1860 = CARTESIAN_POINT ( 'NONE',  ( -19.99015636153322717, 0.000000000000000000, -7.854878416038097555 ) ) ;
#1861 = APPLICATION_CONTEXT ( 'automotive_design' ) ;
#1862 = ORIENTED_EDGE ( 'NONE', *, *, #843, .F. ) ;
#1863 = CARTESIAN_POINT ( 'NONE',  ( 22.14156814808243112, 9.280770596475917955E-14, 1.635443323688544393 ) ) ;
#1864 = DIRECTION ( 'NONE',  ( -0.000000000000000000, 1.000000000000000000, -0.000000000000000000 ) ) ;
#1865 = CARTESIAN_POINT ( 'NONE',  ( -6.434154236828361739, 9.280770596475917955E-14, -21.51385489408059115 ) ) ;
#1866 = CARTESIAN_POINT ( 'NONE',  ( 1.038183469128063141, 9.280770596475917955E-14, 21.48008088495590684 ) ) ;
#1867 = CARTESIAN_POINT ( 'NONE',  ( -16.98606009937788031, 5.000000000000000000, 14.14222531095846946 ) ) ;
#1868 = CARTESIAN_POINT ( 'NONE',  ( 21.50082892385609057, 0.000000000000000000, -0.05538574488906028437 ) ) ;
#1869 = CARTESIAN_POINT ( 'NONE',  ( -19.98440046001503489, 9.280770596475917955E-14, -10.01786800825035151 ) ) ;
#1870 = CARTESIAN_POINT ( 'NONE',  ( 15.11127163087716241, 0.000000000000000000, 15.99978488622672401 ) ) ;
#1871 = ORIENTED_EDGE ( 'NONE', *, *, #128, .T. ) ;
#1872 = CARTESIAN_POINT ( 'NONE',  ( -20.58632099444723806, 0.000000000000000000, -7.084299027745396771 ) ) ;
#1873 = EDGE_LOOP ( 'NONE', ( #1081, #864, #686, #1070 ) ) ;
#1874 = CARTESIAN_POINT ( 'NONE',  ( 21.05231046729996791, 9.280770596475917955E-14, 4.786004887930734419 ) ) ;
#1875 = DIRECTION ( 'NONE',  ( -0.000000000000000000, 1.000000000000000000, -0.000000000000000000 ) ) ;
#1876 = ORIENTED_EDGE ( 'NONE', *, *, #2319, .T. ) ;
#1877 = CARTESIAN_POINT ( 'NONE',  ( -5.128740485206328081, 5.000000000000000000, 21.21847595522604735 ) ) ;
#1878 = CARTESIAN_POINT ( 'NONE',  ( -7.793138218353327318, 5.000000000000000000, -20.92814481793868708 ) ) ;
#1879 = CARTESIAN_POINT ( 'NONE',  ( -7.769557412483884207, 5.000000000000000000, 20.94955412080608426 ) ) ;
#1880 = LINE ( 'NONE', #1311, #224 ) ;
#1881 = CARTESIAN_POINT ( 'NONE',  ( -19.86261911075901665, 5.000000000000000000, -8.290106393744903102 ) ) ;
#1882 = CARTESIAN_POINT ( 'NONE',  ( 12.04034765615322833, 0.000000000000000000, 17.90750957085692718 ) ) ;
#1883 = ADVANCED_FACE ( 'NONE', ( #2062 ), #164, .F. ) ;
#1884 = EDGE_LOOP ( 'NONE', ( #1938, #554 ) ) ;
#1885 = CARTESIAN_POINT ( 'NONE',  ( -18.29212202922914443, 0.000000000000000000, -11.94145082154749105 ) ) ;
#1886 = LINE ( 'NONE', #2110, #862 ) ;
#1887 = CARTESIAN_POINT ( 'NONE',  ( 21.64883228469616583, 9.280770596475917955E-14, 0.7428700076874411584 ) ) ;
#1888 = CARTESIAN_POINT ( 'NONE',  ( 0.000000000000000000, -8.485281374238571317, -16.50000000000000000 ) ) ;
#1889 = EDGE_LOOP ( 'NONE', ( #562, #2430 ) ) ;
#1890 = CARTESIAN_POINT ( 'NONE',  ( 0.04268108532124406662, 5.000000000000000000, 22.02260297745268147 ) ) ;
#1891 = VECTOR ( 'NONE', #611, 1000.000000000000000 ) ;
#1892 = CARTESIAN_POINT ( 'NONE',  ( -17.20525335778926745, 5.000000000000000000, 12.86528232331554911 ) ) ;
#1893 = DIRECTION ( 'NONE',  ( -0.000000000000000000, 1.000000000000000000, -0.000000000000000000 ) ) ;
#1894 = CIRCLE ( 'NONE', #816, 3.000000000000000444 ) ;
#1895 = CARTESIAN_POINT ( 'NONE',  ( -19.50747475164444822, 5.000000000000000000, -11.19700028357407895 ) ) ;
#1896 = CARTESIAN_POINT ( 'NONE',  ( 18.62104051834953111, 5.000000000000000000, -12.06868843539179537 ) ) ;
#1897 = CARTESIAN_POINT ( 'NONE',  ( 18.07506318019197522, 0.000000000000000000, 13.41162043256943548 ) ) ;
#1898 = ADVANCED_FACE ( 'NONE', ( #1093 ), #721, .F. ) ;
#1899 = CARTESIAN_POINT ( 'NONE',  ( -14.40799832946807690, 0.000000000000000000, -16.18277094059331844 ) ) ;
#1900 = DIRECTION ( 'NONE',  ( 0.000000000000000000, 0.000000000000000000, 1.000000000000000000 ) ) ;
#1901 = CARTESIAN_POINT ( 'NONE',  ( 22.17414520892172902, 5.000000000000000000, 3.419701894129210995 ) ) ;
#1902 = DIRECTION ( 'NONE',  ( 0.000000000000000000, 0.000000000000000000, 1.000000000000000000 ) ) ;
#1903 = CARTESIAN_POINT ( 'NONE',  ( -0.5976047757816267403, 5.000000000000000000, 22.37460024496218125 ) ) ;
#1904 = CARTESIAN_POINT ( 'NONE',  ( -0.5976047757816267403, 5.000000000000000000, 22.37460024496218125 ) ) ;
#1905 = CARTESIAN_POINT ( 'NONE',  ( -8.249999999999909406, -7.071067811865475505, 14.28941916244328958 ) ) ;
#1906 = CARTESIAN_POINT ( 'NONE',  ( -19.98440046001503489, 5.000000000000000000, -10.01786800825035151 ) ) ;
#1907 = CARTESIAN_POINT ( 'NONE',  ( 14.40524625795973890, 5.000000000000000000, -17.32225399579272462 ) ) ;
#1908 = DIRECTION ( 'NONE',  ( -0.000000000000000000, -1.000000000000000000, -0.000000000000000000 ) ) ;
#1909 = CARTESIAN_POINT ( 'NONE',  ( -13.15533550296624909, 0.000000000000000000, 17.28110959521696088 ) ) ;
#1910 = CYLINDRICAL_SURFACE ( 'NONE', #2138, 3.000000000000000888 ) ;
#1911 = CARTESIAN_POINT ( 'NONE',  ( 0.01072009540453694454, 5.000000000000000000, -22.04551762440645746 ) ) ;
#1912 = DIRECTION ( 'NONE',  ( 0.000000000000000000, 0.000000000000000000, 1.000000000000000000 ) ) ;
#1913 = CARTESIAN_POINT ( 'NONE',  ( 18.58216647409973632, 0.000000000000000000, -12.39461443008922359 ) ) ;
#1914 = EDGE_CURVE ( 'NONE', #1235, #1562, #2132, .T. ) ;
#1915 = ORIENTED_EDGE ( 'NONE', *, *, #2240, .T. ) ;
#1916 = CARTESIAN_POINT ( 'NONE',  ( 5.523491298150688067, 5.000000000000000000, 21.31355679212077803 ) ) ;
#1917 = CARTESIAN_POINT ( 'NONE',  ( -15.67149010138061271, 5.000000000000000000, 15.92435830585016454 ) ) ;
#1918 = CARTESIAN_POINT ( 'NONE',  ( 22.33008241408221650, 5.000000000000000000, -2.964312057627308761 ) ) ;
#1919 = CARTESIAN_POINT ( 'NONE',  ( -19.77775950472992861, 9.280770596475917955E-14, -10.76859641009512991 ) ) ;
#1920 = CARTESIAN_POINT ( 'NONE',  ( 15.03233095841895839, 5.000000000000000000, -16.32772676252087862 ) ) ;
#1921 = CARTESIAN_POINT ( 'NONE',  ( -16.38887568046793675, 0.000000000000000000, 15.45910962647926468 ) ) ;
#1922 = FACE_OUTER_BOUND ( 'NONE', #1316, .T. ) ;
#1923 = DIRECTION ( 'NONE',  ( -0.000000000000000000, 1.000000000000000000, -0.000000000000000000 ) ) ;
#1924 = CARTESIAN_POINT ( 'NONE',  ( 20.95722718204746471, 0.000000000000000000, -6.762591152650058390 ) ) ;
#1925 = ADVANCED_FACE ( 'NONE', ( #2433 ), #390, .F. ) ;
#1926 = CARTESIAN_POINT ( 'NONE',  ( 4.763134857330469707, 9.280770596475917955E-14, 21.93543931625461596 ) ) ;
#1927 = CARTESIAN_POINT ( 'NONE',  ( 18.61473707560498880, 5.000000000000000000, 10.96768386098549541 ) ) ;
#1928 = CARTESIAN_POINT ( 'NONE',  ( 21.53390239617869639, 9.280770596475917955E-14, -0.3595334859219603829 ) ) ;
#1929 = CARTESIAN_POINT ( 'NONE',  ( -19.90359154496740146, 5.000000000000000000, 9.135070858821428885 ) ) ;
#1930 = CARTESIAN_POINT ( 'NONE',  ( -14.77715865862524325, 5.000000000000000000, -16.11487285753118925 ) ) ;
#1931 = CARTESIAN_POINT ( 'NONE',  ( 21.50000000000001066, 0.000000000000000000, 0.02279564771541051776 ) ) ;
#1932 = AXIS2_PLACEMENT_3D ( 'NONE', #1107, #578, #1902 ) ;
#1933 = CARTESIAN_POINT ( 'NONE',  ( -20.96506086679566394, 0.000000000000000000, 6.821236210805844635 ) ) ;
#1934 = CARTESIAN_POINT ( 'NONE',  ( 21.05316971007180626, 9.280770596475917955E-14, -7.950543986091030746 ) ) ;
#1935 = DIRECTION ( 'NONE',  ( 0.000000000000000000, -1.000000000000000000, 0.000000000000000000 ) ) ;
#1936 = DIRECTION ( 'NONE',  ( 0.000000000000000000, 1.000000000000000000, 0.000000000000000000 ) ) ;
#1937 = CARTESIAN_POINT ( 'NONE',  ( 21.78545426654645922, 0.000000000000000000, -1.019247931325178547 ) ) ;
#1938 = ORIENTED_EDGE ( 'NONE', *, *, #1541, .F. ) ;
#1939 = CARTESIAN_POINT ( 'NONE',  ( 10.99396934736241782, 5.000000000000000000, 18.62224419397658437 ) ) ;
#1940 = CARTESIAN_POINT ( 'NONE',  ( 10.79861231446338721, 5.000000000000000000, 18.95371964705836376 ) ) ;
#1941 = CARTESIAN_POINT ( 'NONE',  ( 21.50225466619257020, 5.000000000000000000, -0.09280979283352606968 ) ) ;
#1942 = CARTESIAN_POINT ( 'NONE',  ( -22.33316665392541012, 9.280770596475917955E-14, 0.8615500256514579958 ) ) ;
#1943 = CARTESIAN_POINT ( 'NONE',  ( -10.62775381944808117, 5.000000000000000000, -19.32565719518376568 ) ) ;
#1944 = CARTESIAN_POINT ( 'NONE',  ( 3.673940397442061840E-16, 5.000000000000000000, -19.50000000000000000 ) ) ;
#1945 = CARTESIAN_POINT ( 'NONE',  ( -14.36220943432103425, 0.000000000000000000, 16.19558012670445635 ) ) ;
#1946 = CARTESIAN_POINT ( 'NONE',  ( 20.05014298133982820, 9.280770596475917955E-14, -9.334985577983069049 ) ) ;
#1947 = FACE_BOUND ( 'NONE', #1322, .T. ) ;
#1948 = DIRECTION ( 'NONE',  ( 0.000000000000000000, -1.000000000000000000, 0.000000000000000000 ) ) ;
#1949 = CARTESIAN_POINT ( 'NONE',  ( 14.28941916244325760, -8.485281374238567764, -5.249999999999966249 ) ) ;
#1950 = CARTESIAN_POINT ( 'NONE',  ( 7.198227194603910917, 5.000000000000000000, 20.33956573828423586 ) ) ;
#1951 = CARTESIAN_POINT ( 'NONE',  ( 3.297088474741692643, 5.000000000000000000, 22.10423872077375407 ) ) ;
#1952 = DIRECTION ( 'NONE',  ( -0.000000000000000000, 1.000000000000000000, -0.000000000000000000 ) ) ;
#1953 = CARTESIAN_POINT ( 'NONE',  ( -22.44953091088059693, 5.000000000000000000, 0.5273094677591153578 ) ) ;
#1954 = CARTESIAN_POINT ( 'NONE',  ( -15.79794070015035068, 5.000000000000000000, -15.87856579311346827 ) ) ;
#1955 = APPLICATION_CONTEXT ( 'automotive_design' ) ;
#1956 = ADVANCED_FACE ( 'NONE', ( #1133 ), #1506, .F. ) ;
#1957 = CARTESIAN_POINT ( 'NONE',  ( -13.03396784021242816, 0.000000000000000000, 17.61633627995862028 ) ) ;
#1958 = CARTESIAN_POINT ( 'NONE',  ( -14.28941916244331445, -8.485281374238571317, 11.24999999999986855 ) ) ;
#1959 = CARTESIAN_POINT ( 'NONE',  ( 0.000000000000000000, 0.000000000000000000, -20.50000000000000000 ) ) ;
#1960 = CARTESIAN_POINT ( 'NONE',  ( 21.62576967926267457, 0.000000000000000000, -0.6808893225876955224 ) ) ;
#1961 = VERTEX_POINT ( 'NONE', #712 ) ;
#1962 = CARTESIAN_POINT ( 'NONE',  ( 1.489492014169317757, 9.280770596475917955E-14, 21.43166373960940163 ) ) ;
#1963 = CARTESIAN_POINT ( 'NONE',  ( 18.61153382708216242, 5.000000000000000000, 11.68302830110954638 ) ) ;
#1964 = CARTESIAN_POINT ( 'NONE',  ( 21.72293441095105493, 5.000000000000000000, -0.9017881112250413222 ) ) ;
#1965 = CARTESIAN_POINT ( 'NONE',  ( -21.57173953273083100, 5.000000000000000000, 1.948636680162103785 ) ) ;
#1966 = CARTESIAN_POINT ( 'NONE',  ( -9.453775673318984829, 5.000000000000000000, -19.32589433114494426 ) ) ;
#1967 = AXIS2_PLACEMENT_3D ( 'NONE', #2087, #1864, #2234 ) ;
#1968 = CARTESIAN_POINT ( 'NONE',  ( -1.057287768853389043, 0.000000000000000000, 22.47974504372256632 ) ) ;
#1969 = CARTESIAN_POINT ( 'NONE',  ( 20.85111644792205254, 5.000000000000000000, -6.439737209418816555 ) ) ;
#1970 = FACE_BOUND ( 'NONE', #2186, .T. ) ;
#1971 = EDGE_CURVE ( 'NONE', #2368, #614, #1853, .T. ) ;
#1972 = CARTESIAN_POINT ( 'NONE',  ( 21.50225466619257020, 5.000000000000000000, -0.09280979283352606968 ) ) ;
#1973 = CARTESIAN_POINT ( 'NONE',  ( 1.713456872414420573, 0.000000000000000000, -21.41422187673773081 ) ) ;
#1974 = ORIENTED_EDGE ( 'NONE', *, *, #384, .T. ) ;
#1975 = CARTESIAN_POINT ( 'NONE',  ( 18.50284236186318054, 9.280770596475917955E-14, 12.69321652788445398 ) ) ;
#1976 = CARTESIAN_POINT ( 'NONE',  ( 16.47344186419197953, 5.000000000000000000, 14.19622457951780348 ) ) ;
#1977 = CARTESIAN_POINT ( 'NONE',  ( 21.97285664383753456, 9.280770596475917955E-14, -3.776758231063320537 ) ) ;
#1978 = CARTESIAN_POINT ( 'NONE',  ( -20.96506086679566394, 9.280770596475917955E-14, 6.821236210805844635 ) ) ;
#1979 = CIRCLE ( 'NONE', #344, 3.000000000000000888 ) ;
#1980 = CARTESIAN_POINT ( 'NONE',  ( -5.479899183540631213, 5.000000000000000000, -21.35853008466362013 ) ) ;
#1981 = AXIS2_PLACEMENT_3D ( 'NONE', #1639, #2160, #848 ) ;
#1982 = CARTESIAN_POINT ( 'NONE',  ( 2.579725015210014849, 0.000000000000000000, 21.77656140965635245 ) ) ;
#1983 = CARTESIAN_POINT ( 'NONE',  ( 14.40524625795973890, 9.280770596475917955E-14, -17.32225399579272462 ) ) ;
#1984 = CARTESIAN_POINT ( 'NONE',  ( -14.28941916244314214, -8.485281374238571317, -8.250000000000166978 ) ) ;
#1985 = ORIENTED_EDGE ( 'NONE', *, *, #732, .T. ) ;
#1986 = FACE_BOUND ( 'NONE', #661, .T. ) ;
#1987 = CARTESIAN_POINT ( 'NONE',  ( 11.23650461838285075, 0.000000000000000000, -18.34281772605192629 ) ) ;
#1988 = CARTESIAN_POINT ( 'NONE',  ( 16.47344186419197953, 5.000000000000000000, 14.19622457951780348 ) ) ;
#1989 = CARTESIAN_POINT ( 'NONE',  ( 21.05231046729996791, 5.000000000000000000, 4.786004887930734419 ) ) ;
#1990 = EDGE_CURVE ( 'NONE', #1602, #518, #2282, .T. ) ;
#1991 = CARTESIAN_POINT ( 'NONE',  ( -14.36220943432103425, 9.280770596475917955E-14, 16.19558012670445635 ) ) ;
#1992 = CARTESIAN_POINT ( 'NONE',  ( -19.97030800891668179, 5.000000000000000000, 9.473630970190583866 ) ) ;
#1993 = CARTESIAN_POINT ( 'NONE',  ( -15.39601932535161666, 5.000000000000000000, -16.01595173253378590 ) ) ;
#1994 = CARTESIAN_POINT ( 'NONE',  ( 5.739689019694768746, 0.000000000000000000, 21.05078398720911892 ) ) ;
#1995 = CARTESIAN_POINT ( 'NONE',  ( 15.16588864429429506, 5.000000000000000000, -15.70630620946862699 ) ) ;
#1996 = FACE_BOUND ( 'NONE', #1246, .T. ) ;
#1997 = ORIENTED_EDGE ( 'NONE', *, *, #813, .T. ) ;
#1998 = CARTESIAN_POINT ( 'NONE',  ( 22.36881208094535367, 5.000000000000000000, -2.458965521622638928 ) ) ;
#1999 = CARTESIAN_POINT ( 'NONE',  ( -0.8757797432479775823, 0.000000000000000000, -22.43703506581987739 ) ) ;
#2000 = CARTESIAN_POINT ( 'NONE',  ( 18.71659826940244997, 9.280770596475917955E-14, 10.57271996977611472 ) ) ;
#2001 = CARTESIAN_POINT ( 'NONE',  ( 20.82250864574934468, 5.000000000000000000, 6.338922960389920647 ) ) ;
#2002 = EDGE_CURVE ( 'NONE', #1562, #2047, #946, .T. ) ;
#2003 = CARTESIAN_POINT ( 'NONE',  ( -16.38887568046793675, 5.000000000000000000, 15.45910962647926468 ) ) ;
#2004 = CARTESIAN_POINT ( 'NONE',  ( -21.66479108706241163, 5.000000000000000000, -4.137603074080421273 ) ) ;
#2005 = CARTESIAN_POINT ( 'NONE',  ( -9.453775673318984829, 9.280770596475917955E-14, -19.32589433114494426 ) ) ;
#2006 = CARTESIAN_POINT ( 'NONE',  ( -2.397195938165582074, 0.000000000000000000, 22.16217479771836452 ) ) ;
#2007 = CARTESIAN_POINT ( 'NONE',  ( 15.03233095841895839, 9.280770596475917955E-14, -16.32772676252087862 ) ) ;
#2008 = CARTESIAN_POINT ( 'NONE',  ( 8.249999999999909406, 5.000000000000000000, -11.78941916244328780 ) ) ;
#2009 = ORIENTED_EDGE ( 'NONE', *, *, #450, .T. ) ;
#2010 = CARTESIAN_POINT ( 'NONE',  ( 21.50954502575471849, 5.000000000000000000, -4.274285065873563383 ) ) ;
#2011 = CARTESIAN_POINT ( 'NONE',  ( -3.762734745561161276, 0.000000000000000000, -21.14760556632466759 ) ) ;
#2012 = VERTEX_POINT ( 'NONE', #922 ) ;
#2013 = AXIS2_PLACEMENT_3D ( 'NONE', #339, #2, #745 ) ;
#2014 = CARTESIAN_POINT ( 'NONE',  ( 13.09381139654567683, 5.000000000000000000, 17.83833269853158043 ) ) ;
#2015 = CARTESIAN_POINT ( 'NONE',  ( 21.02084956596591425, 5.000000000000000000, 6.978393404860816496 ) ) ;
#2016 = CARTESIAN_POINT ( 'NONE',  ( -18.28923899199372016, 5.000000000000000000, 11.94624421582729390 ) ) ;
#2017 = CARTESIAN_POINT ( 'NONE',  ( -21.54638996791861416, 5.000000000000000000, 3.890661396110727033 ) ) ;
#2018 = AXIS2_PLACEMENT_3D ( 'NONE', #2352, #1370, #2148 ) ;
#2019 = CARTESIAN_POINT ( 'NONE',  ( -16.99637780158235500, 9.280770596475917955E-14, -13.66056940116030205 ) ) ;
#2020 = CARTESIAN_POINT ( 'NONE',  ( 8.423854169138138559, 0.000000000000000000, 20.57734720879660273 ) ) ;
#2021 = EDGE_CURVE ( 'NONE', #877, #618, #1086, .T. ) ;
#2022 = CARTESIAN_POINT ( 'NONE',  ( 9.639490390975316458, 9.280770596475917955E-14, -20.36315342263971573 ) ) ;
#2023 = AXIS2_PLACEMENT_3D ( 'NONE', #113, #2067, #343 ) ;
#2024 = EDGE_LOOP ( 'NONE', ( #735, #722 ) ) ;
#2025 = CARTESIAN_POINT ( 'NONE',  ( 21.50120042528665465, 5.000000000000000000, -0.06779549196591572180 ) ) ;
#2026 = CARTESIAN_POINT ( 'NONE',  ( 9.156357977601375708, 0.000000000000000000, -20.54096192691616451 ) ) ;
#2027 = EDGE_LOOP ( 'NONE', ( #1629, #2365, #551, #2175 ) ) ;
#2028 = CARTESIAN_POINT ( 'NONE',  ( 18.07506318019197522, 9.280770596475917955E-14, 13.41162043256943548 ) ) ;
#2029 = CARTESIAN_POINT ( 'NONE',  ( -14.28941916244314214, 5.000000000000000000, -5.250000000000166089 ) ) ;
#2030 = CARTESIAN_POINT ( 'NONE',  ( -17.00606608959606803, 9.280770596475917955E-14, 13.81293909888817595 ) ) ;
#2031 = CARTESIAN_POINT ( 'NONE',  ( -19.90359154496740146, 5.000000000000000000, 9.135070858821428885 ) ) ;
#2032 = CARTESIAN_POINT ( 'NONE',  ( -16.99637780158235500, 5.000000000000000000, -13.66056940116030205 ) ) ;
#2033 = CARTESIAN_POINT ( 'NONE',  ( 13.44382720273177867, 0.000000000000000000, 17.79193137138471670 ) ) ;
#2034 = CARTESIAN_POINT ( 'NONE',  ( 16.08225709792342073, 5.000000000000000000, -14.36918910718206277 ) ) ;
#2035 = EDGE_CURVE ( 'NONE', #877, #2368, #933, .T. ) ;
#2036 = CARTESIAN_POINT ( 'NONE',  ( 18.60226712841783581, 5.000000000000000000, -11.05009224858528682 ) ) ;
#2037 = CARTESIAN_POINT ( 'NONE',  ( -17.34070718000092981, 0.000000000000000000, -12.67707834016943558 ) ) ;
#2038 = EDGE_LOOP ( 'NONE', ( #1460, #1361, #2296, #631 ) ) ;
#2039 = CARTESIAN_POINT ( 'NONE',  ( 21.53896333205914360, 5.000000000000000000, 4.247536075337232653 ) ) ;
#2040 = FACE_OUTER_BOUND ( 'NONE', #1420, .T. ) ;
#2041 = APPLICATION_PROTOCOL_DEFINITION ( 'draft international standard', 'automotive_design', 1998, #1955 ) ;
#2042 = CARTESIAN_POINT ( 'NONE',  ( -18.60232997469848115, 5.000000000000000000, 11.82387990937790079 ) ) ;
#2043 = CARTESIAN_POINT ( 'NONE',  ( -19.86261911075901665, 5.000000000000000000, -8.290106393744903102 ) ) ;
#2044 = CARTESIAN_POINT ( 'NONE',  ( -5.760958735503359129, 9.280770596475917955E-14, -21.44858102203128425 ) ) ;
#2045 = CARTESIAN_POINT ( 'NONE',  ( -13.30983078922829321, 9.280770596475917955E-14, -16.96501047610891533 ) ) ;
#2046 = CARTESIAN_POINT ( 'NONE',  ( 16.81205253432334246, 0.000000000000000000, 14.10255858975283516 ) ) ;
#2047 = VERTEX_POINT ( 'NONE', #734 ) ;
#2048 = CARTESIAN_POINT ( 'NONE',  ( -17.00544006183023527, 0.000000000000000000, -14.33064164999844436 ) ) ;
#2049 = EDGE_LOOP ( 'NONE', ( #1528, #1638 ) ) ;
#2050 = CARTESIAN_POINT ( 'NONE',  ( 22.36842152426624608, 9.280770596475917955E-14, 2.421033858417629858 ) ) ;
#2051 = CARTESIAN_POINT ( 'NONE',  ( 0.000000000000000000, 0.000000000000000000, -16.50000000000000000 ) ) ;
#2052 = AXIS2_PLACEMENT_3D ( 'NONE', #1517, #901, #1667 ) ;
#2053 = CARTESIAN_POINT ( 'NONE',  ( -4.347012430835706986, 9.280770596475917955E-14, 21.06331064229482664 ) ) ;
#2054 = CARTESIAN_POINT ( 'NONE',  ( -4.763563312210403744, 5.000000000000000000, 21.10704693669042697 ) ) ;
#2055 = FACE_OUTER_BOUND ( 'NONE', #728, .T. ) ;
#2056 = CARTESIAN_POINT ( 'NONE',  ( -19.99015636153322717, 9.280770596475917955E-14, -7.854878416038097555 ) ) ;
#2057 = CARTESIAN_POINT ( 'NONE',  ( 20.92664269472878757, 0.000000000000000000, 6.670776317479057305 ) ) ;
#2058 = EDGE_LOOP ( 'NONE', ( #1078, #2063 ) ) ;
#2059 = CIRCLE ( 'NONE', #2373, 2.999999999999999112 ) ;
#2060 = CARTESIAN_POINT ( 'NONE',  ( -16.73635184447445567, 0.000000000000000000, -15.06162109060031185 ) ) ;
#2061 = CARTESIAN_POINT ( 'NONE',  ( 21.07818027182894838, 5.000000000000000000, 7.322549411315046441 ) ) ;
#2062 = FACE_OUTER_BOUND ( 'NONE', #1102, .T. ) ;
#2063 = ORIENTED_EDGE ( 'NONE', *, *, #2156, .T. ) ;
#2064 = ADVANCED_FACE ( 'NONE', ( #1494 ), #2256, .F. ) ;
#2065 = CARTESIAN_POINT ( 'NONE',  ( -7.377363339387269292, 5.000000000000000000, 21.24677405319496870 ) ) ;
#2066 = CARTESIAN_POINT ( 'NONE',  ( -11.21207722768804516, 5.000000000000000000, 19.32245884489204713 ) ) ;
#2067 = DIRECTION ( 'NONE',  ( 0.000000000000000000, -1.000000000000000000, 0.000000000000000000 ) ) ;
#2068 = CARTESIAN_POINT ( 'NONE',  ( -19.92336198037230588, 9.280770596475917955E-14, -10.36435507865290795 ) ) ;
#2069 = CARTESIAN_POINT ( 'NONE',  ( 13.09381139654567683, 0.000000000000000000, 17.83833269853158043 ) ) ;
#2070 = CARTESIAN_POINT ( 'NONE',  ( -19.14321624718067483, 0.000000000000000000, -11.54799085599770336 ) ) ;
#2071 = CARTESIAN_POINT ( 'NONE',  ( 1.399158968025850961E-15, 1.000000000000000888, -11.42500000000000071 ) ) ;
#2072 = CARTESIAN_POINT ( 'NONE',  ( 0.01072009540453694454, 9.280770596475917955E-14, -22.04551762440645746 ) ) ;
#2073 = CARTESIAN_POINT ( 'NONE',  ( 21.71547193110043494, 5.000000000000000000, 0.8893909500492362952 ) ) ;
#2074 = DIRECTION ( 'NONE',  ( 0.000000000000000000, 1.000000000000000000, -0.000000000000000000 ) ) ;
#2075 = VERTEX_POINT ( 'NONE', #141 ) ;
#2076 = CARTESIAN_POINT ( 'NONE',  ( -2.054808300473189409, 5.000000000000000000, 22.33288497456015165 ) ) ;
#2077 = CARTESIAN_POINT ( 'NONE',  ( -10.88544222468357958, 5.000000000000000000, 19.34214898311946484 ) ) ;
#2078 = CARTESIAN_POINT ( 'NONE',  ( -14.28941916244331445, 0.000000000000000000, 5.249999999999865885 ) ) ;
#2079 = PRODUCT_DEFINITION ( 'UNKNOWN', '', #1659, #966 ) ;
#2080 = CARTESIAN_POINT ( 'NONE',  ( -21.31729384549186435, 9.280770596475917955E-14, -2.626299800665655937 ) ) ;
#2081 = CARTESIAN_POINT ( 'NONE',  ( 18.69002546553173616, 5.000000000000000000, -10.64040892587271081 ) ) ;
#2082 = CARTESIAN_POINT ( 'NONE',  ( 11.27380511581133149, 0.000000000000000000, 18.30862634737814787 ) ) ;
#2083 = EDGE_LOOP ( 'NONE', ( #1259, #1802 ) ) ;
#2084 = CARTESIAN_POINT ( 'NONE',  ( -6.929586978713635936, 0.000000000000000000, -21.43766386916052369 ) ) ;
#2085 = CARTESIAN_POINT ( 'NONE',  ( 6.123233995736762338E-17, 5.000000000000000000, -21.00000000000000000 ) ) ;
#2086 = CARTESIAN_POINT ( 'NONE',  ( 21.79830392669052941, 5.000000000000000000, 1.042889142952001080 ) ) ;
#2087 = CARTESIAN_POINT ( 'NONE',  ( 14.28941916244320254, -8.485281374238574870, 8.250000000000067502 ) ) ;
#2088 = ORIENTED_EDGE ( 'NONE', *, *, #1577, .T. ) ;
#2089 = CARTESIAN_POINT ( 'NONE',  ( 1.038183469128063141, 5.000000000000000000, 21.48008088495590684 ) ) ;
#2090 =( GEOMETRIC_REPRESENTATION_CONTEXT ( 3 ) GLOBAL_UNCERTAINTY_ASSIGNED_CONTEXT ( ( #1720 ) ) GLOBAL_UNIT_ASSIGNED_CONTEXT ( ( #991, #2302, #2145 ) ) REPRESENTATION_CONTEXT ( 'NONE', 'WORKASPACE' ) );
#2091 = CARTESIAN_POINT ( 'NONE',  ( -1.057287768853389043, 5.000000000000000000, 22.47974504372256632 ) ) ;
#2092 = CARTESIAN_POINT ( 'NONE',  ( 0.000000000000000000, -1.414213562373095145, -20.50000000000000000 ) ) ;
#2093 = CARTESIAN_POINT ( 'NONE',  ( -18.70697218268701434, 5.000000000000000000, -11.78808110821641542 ) ) ;
#2094 = CARTESIAN_POINT ( 'NONE',  ( 15.16588864429429506, 5.000000000000000000, -15.70630620946862699 ) ) ;
#2095 = LINE ( 'NONE', #2275, #2444 ) ;
#2096 = CARTESIAN_POINT ( 'NONE',  ( -19.41051621454474230, 0.000000000000000000, 11.28617828434465409 ) ) ;
#2097 = LINE ( 'NONE', #1143, #263 ) ;
#2098 = CARTESIAN_POINT ( 'NONE',  ( -3.762734745561161276, 9.280770596475917955E-14, -21.14760556632466759 ) ) ;
#2099 = CARTESIAN_POINT ( 'NONE',  ( 14.28941916244325760, 5.000000000000000000, -8.249999999999968026 ) ) ;
#2100 = CARTESIAN_POINT ( 'NONE',  ( 3.673940397442060361E-16, -8.485281374238571317, -19.50000000000000000 ) ) ;
#2101 = AXIS2_PLACEMENT_3D ( 'NONE', #2128, #1578, #596 ) ;
#2102 = CARTESIAN_POINT ( 'NONE',  ( -4.763563312210403744, 5.000000000000000000, 21.10704693669042697 ) ) ;
#2103 = CARTESIAN_POINT ( 'NONE',  ( -5.443245943366364692, 5.000000000000000000, 21.34434570984550916 ) ) ;
#2104 = CARTESIAN_POINT ( 'NONE',  ( 22.29092242864591356, 9.280770596475917955E-14, -1.993012817514429047 ) ) ;
#2105 = CARTESIAN_POINT ( 'NONE',  ( -19.95658603595282798, 9.280770596475917955E-14, -9.403584096272473047 ) ) ;
#2106 = CARTESIAN_POINT ( 'NONE',  ( 21.09486257020671474, 5.000000000000000000, -7.480656397617877928 ) ) ;
#2107 = LINE ( 'NONE', #807, #1891 ) ;
#2108 = CARTESIAN_POINT ( 'NONE',  ( -20.40223045785138112, 0.000000000000000000, 7.259132681061115200 ) ) ;
#2109 = CARTESIAN_POINT ( 'NONE',  ( 20.84397072531237072, 5.000000000000000000, -5.203399706078709386 ) ) ;
#2110 = CARTESIAN_POINT ( 'NONE',  ( 21.50000000000001066, 5.000000000000000000, -8.470329472543003391E-18 ) ) ;
#2111 = EDGE_CURVE ( 'NONE', #348, #1262, #1654, .T. ) ;
#2112 = CARTESIAN_POINT ( 'NONE',  ( -2.956302797073788735, 5.000000000000000000, -21.69571159132912541 ) ) ;
#2113 = DIRECTION ( 'NONE',  ( 0.000000000000000000, 1.000000000000000000, 0.000000000000000000 ) ) ;
#2114 = DIRECTION ( 'NONE',  ( 0.000000000000000000, 1.000000000000000000, 0.000000000000000000 ) ) ;
#2115 = ORIENTED_EDGE ( 'NONE', *, *, #2398, .T. ) ;
#2116 = CARTESIAN_POINT ( 'NONE',  ( 10.32487569298192298, 9.280770596475917955E-14, 19.79908899539711697 ) ) ;
#2117 = CARTESIAN_POINT ( 'NONE',  ( 17.77431537107537096, 5.000000000000000000, 13.68667991065372114 ) ) ;
#2118 = CARTESIAN_POINT ( 'NONE',  ( 21.51043327356235224, 5.000000000000000000, -0.1979930402887173924 ) ) ;
#2119 = CARTESIAN_POINT ( 'NONE',  ( -21.19250070397577446, 9.280770596475917955E-14, 6.632420303506307846 ) ) ;
#2120 = CARTESIAN_POINT ( 'NONE',  ( 10.49542555107279718, 5.000000000000000000, -19.55964423589754730 ) ) ;
#2121 = CARTESIAN_POINT ( 'NONE',  ( -21.61028601707824848, 0.000000000000000000, 6.099056666981929276 ) ) ;
#2122 = VERTEX_POINT ( 'NONE', #1321 ) ;
#2123 = CARTESIAN_POINT ( 'NONE',  ( 7.883936963233164619, 9.280770596475917955E-14, -20.44276140157766619 ) ) ;
#2124 = LINE ( 'NONE', #2136, #1534 ) ;
#2125 = CARTESIAN_POINT ( 'NONE',  ( 21.55576912546820267, 0.000000000000000000, -0.4582032232888709755 ) ) ;
#2126 = CARTESIAN_POINT ( 'NONE',  ( 6.356838556474371238, 9.280770596475917955E-14, 20.54220731346369888 ) ) ;
#2127 = CARTESIAN_POINT ( 'NONE',  ( 2.866674117458312132, 5.000000000000000000, 21.93313288342764622 ) ) ;
#2128 = CARTESIAN_POINT ( 'NONE',  ( 0.000000000000000000, 1.000000000000000000, 0.000000000000000000 ) ) ;
#2129 = CARTESIAN_POINT ( 'NONE',  ( -19.97030800891668179, 5.000000000000000000, 9.473630970190583866 ) ) ;
#2130 = CARTESIAN_POINT ( 'NONE',  ( -1.872484404168725192, 5.000000000000000000, -22.41022219827314288 ) ) ;
#2131 = CARTESIAN_POINT ( 'NONE',  ( 14.28941916244320254, 0.000000000000000000, 8.250000000000067502 ) ) ;
#2132 = CIRCLE ( 'NONE', #1450, 2.500000000000000444 ) ;
#2133 = CARTESIAN_POINT ( 'NONE',  ( -15.06923526613145370, 0.000000000000000000, 16.07970270468554119 ) ) ;
#2134 = DIRECTION ( 'NONE',  ( -0.000000000000000000, 1.000000000000000000, -0.000000000000000000 ) ) ;
#2135 = CARTESIAN_POINT ( 'NONE',  ( 8.665489830524490955, 9.280770596475917955E-14, -20.59047153306172007 ) ) ;
#2136 = CARTESIAN_POINT ( 'NONE',  ( 14.28941916244320254, -8.485281374238574870, 5.250000000000067502 ) ) ;
#2137 = CARTESIAN_POINT ( 'NONE',  ( 21.50489117795404681, 0.000000000000000000, -0.1349914607427966096 ) ) ;
#2138 = AXIS2_PLACEMENT_3D ( 'NONE', #200, #38, #954 ) ;
#2139 = CARTESIAN_POINT ( 'NONE',  ( 10.79861231446338721, 9.280770596475917955E-14, 18.95371964705836376 ) ) ;
#2140 = CARTESIAN_POINT ( 'NONE',  ( 15.78082580941539348, 5.000000000000000000, 14.58197770661933745 ) ) ;
#2141 = CARTESIAN_POINT ( 'NONE',  ( 22.29092242864591356, 5.000000000000000000, -1.993012817514429047 ) ) ;
#2142 = EDGE_CURVE ( 'NONE', #2012, #348, #1713, .T. ) ;
#2143 = CARTESIAN_POINT ( 'NONE',  ( -19.97030800891668179, 9.280770596475917955E-14, 9.473630970190583866 ) ) ;
#2144 = CARTESIAN_POINT ( 'NONE',  ( 4.737062588639457950, 5.000000000000000000, -21.94744642612260321 ) ) ;
#2145 =( NAMED_UNIT ( * ) SI_UNIT ( $, .STERADIAN. ) SOLID_ANGLE_UNIT ( ) );
#2146 = CARTESIAN_POINT ( 'NONE',  ( -20.07059466428747641, 0.000000000000000000, 7.659669711287518723 ) ) ;
#2147 = CARTESIAN_POINT ( 'NONE',  ( 18.59498551408303157, 9.280770596475917955E-14, -11.43208890142673084 ) ) ;
#2148 = DIRECTION ( 'NONE',  ( 0.000000000000000000, 0.000000000000000000, -1.000000000000000000 ) ) ;
#2149 = DIRECTION ( 'NONE',  ( 0.000000000000000000, 1.000000000000000000, -0.000000000000000000 ) ) ;
#2150 = CARTESIAN_POINT ( 'NONE',  ( -14.28941916244314214, 5.000000000000000000, -8.250000000000166978 ) ) ;
#2151 = CARTESIAN_POINT ( 'NONE',  ( 5.322168119161678312, 5.000000000000000000, 21.53547205477428506 ) ) ;
#2152 = CARTESIAN_POINT ( 'NONE',  ( 18.59510673382364843, 5.000000000000000000, 12.33107189773411783 ) ) ;
#2153 = CARTESIAN_POINT ( 'NONE',  ( -8.249999999999909406, 5.000000000000000000, 16.78941916244328780 ) ) ;
#2154 = CARTESIAN_POINT ( 'NONE',  ( -21.61028601707824848, 9.280770596475917955E-14, 6.099056666981929276 ) ) ;
#2155 = CARTESIAN_POINT ( 'NONE',  ( -5.169132806799521695, 5.000000000000000000, -21.23396394726156444 ) ) ;
#2156 = EDGE_CURVE ( 'NONE', #566, #2441, #502, .T. ) ;
#2157 = CARTESIAN_POINT ( 'NONE',  ( 6.009634009945245658, 0.000000000000000000, 20.77777032840435467 ) ) ;
#2158 = CARTESIAN_POINT ( 'NONE',  ( 19.45755522695945672, 9.280770596475917955E-14, -9.672411826660402667 ) ) ;
#2159 = FACE_BOUND ( 'NONE', #2058, .T. ) ;
#2160 = DIRECTION ( 'NONE',  ( 0.000000000000000000, 1.000000000000000000, 0.000000000000000000 ) ) ;
#2161 = CARTESIAN_POINT ( 'NONE',  ( 20.60588353413724860, 0.000000000000000000, -8.854183996984605898 ) ) ;
#2162 = VERTEX_POINT ( 'NONE', #2294 ) ;
#2163 = CARTESIAN_POINT ( 'NONE',  ( 19.19304229912935966, 9.280770596475917955E-14, 9.878112972868946073 ) ) ;
#2164 = CARTESIAN_POINT ( 'NONE',  ( 5.523491298150688067, 5.000000000000000000, 21.31355679212077803 ) ) ;
#2165 = CARTESIAN_POINT ( 'NONE',  ( 21.25788144427713888, 5.000000000000000000, -4.522752818095291616 ) ) ;
#2166 = CARTESIAN_POINT ( 'NONE',  ( -22.48065576699951507, 9.280770596475917955E-14, -0.4806549054225557338 ) ) ;
#2167 = CARTESIAN_POINT ( 'NONE',  ( -10.35277178708243362, 5.000000000000000000, -19.28986982488140711 ) ) ;
#2168 = CARTESIAN_POINT ( 'NONE',  ( -11.56094223472923943, 0.000000000000000000, 19.24512831950249137 ) ) ;
#2169 = CARTESIAN_POINT ( 'NONE',  ( 10.77942247263932884, 5.000000000000000000, -18.99270098566182341 ) ) ;
#2170 = CARTESIAN_POINT ( 'NONE',  ( 0.000000000000000000, 0.000000000000000000, 19.50000000000000000 ) ) ;
#2171 = ORIENTED_EDGE ( 'NONE', *, *, #295, .T. ) ;
#2172 = CARTESIAN_POINT ( 'NONE',  ( 7.428580823040705994, 5.000000000000000000, -20.34228469407172923 ) ) ;
#2173 = CARTESIAN_POINT ( 'NONE',  ( 22.12500819500611016, 5.000000000000000000, -1.591272308726787710 ) ) ;
#2174 = CARTESIAN_POINT ( 'NONE',  ( 11.99369300426620910, 0.000000000000000000, -17.91997479826702744 ) ) ;
#2175 = ORIENTED_EDGE ( 'NONE', *, *, #51, .T. ) ;
#2176 = CARTESIAN_POINT ( 'NONE',  ( 16.47344186419197953, 9.280770596475917955E-14, 14.19622457951780348 ) ) ;
#2177 = CARTESIAN_POINT ( 'NONE',  ( 21.07746081013751649, 5.000000000000000000, 7.697824683383365674 ) ) ;
#2178 = CARTESIAN_POINT ( 'NONE',  ( -11.21207722768804516, 5.000000000000000000, 19.32245884489204713 ) ) ;
#2179 = AXIS2_PLACEMENT_3D ( 'NONE', #1234, #2134, #427 ) ;
#2180 = CARTESIAN_POINT ( 'NONE',  ( -12.97857481093140031, 5.000000000000000000, -17.81858781351716559 ) ) ;
#2181 = MECHANICAL_DESIGN_GEOMETRIC_PRESENTATION_REPRESENTATION (  '', ( #28 ), #1745 ) ;
#2182 = CARTESIAN_POINT ( 'NONE',  ( -8.135426756321106012, 9.280770596475917955E-14, -20.49317752763869649 ) ) ;
#2183 = CARTESIAN_POINT ( 'NONE',  ( 6.783114608242779120, 0.000000000000000000, 20.38525983341778414 ) ) ;
#2184 = CARTESIAN_POINT ( 'NONE',  ( 15.74311396507290262, 5.000000000000000000, -14.61588346854642850 ) ) ;
#2185 = CYLINDRICAL_SURFACE ( 'NONE', #145, 3.000000000000000888 ) ;
#2186 = EDGE_LOOP ( 'NONE', ( #2343, #908 ) ) ;
#2187 = CARTESIAN_POINT ( 'NONE',  ( 8.249999999999909406, 0.000000000000000000, -14.28941916244328958 ) ) ;
#2188 = CARTESIAN_POINT ( 'NONE',  ( 5.711462571635219199, 0.000000000000000000, -21.08379121173055637 ) ) ;
#2189 = ORIENTED_EDGE ( 'NONE', *, *, #1269, .T. ) ;
#2190 = EDGE_CURVE ( 'NONE', #2419, #1471, #1174, .T. ) ;
#2191 = CARTESIAN_POINT ( 'NONE',  ( 13.09381139654567683, 9.280770596475917955E-14, 17.83833269853158043 ) ) ;
#2192 = CARTESIAN_POINT ( 'NONE',  ( 0.000000000000000000, -8.485281374238571317, 16.50000000000000000 ) ) ;
#2193 = CARTESIAN_POINT ( 'NONE',  ( -17.52214277794370645, 9.280770596475917955E-14, 12.42207143784108858 ) ) ;
#2194 = CARTESIAN_POINT ( 'NONE',  ( -21.87524447582766030, 5.000000000000000000, -5.078219245576548246 ) ) ;
#2195 = CARTESIAN_POINT ( 'NONE',  ( -15.39601932535161666, 9.280770596475917955E-14, -16.01595173253378590 ) ) ;
#2196 = CARTESIAN_POINT ( 'NONE',  ( 7.578839670488319413, 0.000000000000000000, 20.37259739529097402 ) ) ;
#2197 = CARTESIAN_POINT ( 'NONE',  ( 15.45089387422644123, 9.280770596475917955E-14, -14.96313633357434369 ) ) ;
#2198 = CYLINDRICAL_SURFACE ( 'NONE', #69, 2.500000000000000444 ) ;
#2199 = VERTEX_POINT ( 'NONE', #202 ) ;
#2200 = CARTESIAN_POINT ( 'NONE',  ( 15.03233095841895839, 0.000000000000000000, -16.32772676252087862 ) ) ;
#2201 = CARTESIAN_POINT ( 'NONE',  ( 14.92730865874757029, 9.280770596475917955E-14, 16.60326787570295082 ) ) ;
#2202 = CARTESIAN_POINT ( 'NONE',  ( 22.04774335299223864, 5.000000000000000000, 1.457058781175115225 ) ) ;
#2203 = CARTESIAN_POINT ( 'NONE',  ( -10.58865834637474101, 9.280770596475917955E-14, 19.32110420884029978 ) ) ;
#2204 = CARTESIAN_POINT ( 'NONE',  ( -21.82872118787253868, 5.000000000000000000, -5.577142973585949903 ) ) ;
#2205 = CARTESIAN_POINT ( 'NONE',  ( -17.00544006183023527, 5.000000000000000000, -14.33064164999844436 ) ) ;
#2206 = CARTESIAN_POINT ( 'NONE',  ( 5.322168119161678312, 0.000000000000000000, 21.53547205477428506 ) ) ;
#2207 = CARTESIAN_POINT ( 'NONE',  ( 11.60428559088120259, 5.000000000000000000, -18.07696747765414713 ) ) ;
#2208 = DIRECTION ( 'NONE',  ( -0.000000000000000000, 1.000000000000000000, -0.000000000000000000 ) ) ;
#2209 = ORIENTED_EDGE ( 'NONE', *, *, #1226, .T. ) ;
#2210 = B_SPLINE_CURVE_WITH_KNOTS ( 'NONE', 1,
 ( #300, #1868 ),
 .UNSPECIFIED., .F., .F.,
 ( 2, 2 ),
 ( 0.000000000000000000, 1.000000000000000000 ),
 .UNSPECIFIED. ) ;
#2211 = CARTESIAN_POINT ( 'NONE',  ( 10.77942247263932884, 0.000000000000000000, -18.99270098566182341 ) ) ;
#2212 = ORIENTED_EDGE ( 'NONE', *, *, #1403, .F. ) ;
#2213 = CARTESIAN_POINT ( 'NONE',  ( 14.49556959822995417, 5.000000000000000000, 17.22081242546001434 ) ) ;
#2214 = CARTESIAN_POINT ( 'NONE',  ( 19.19304229912935966, 5.000000000000000000, 9.878112972868946073 ) ) ;
#2215 = CARTESIAN_POINT ( 'NONE',  ( -11.56094223472923943, 9.280770596475917955E-14, 19.24512831950249137 ) ) ;
#2216 = CARTESIAN_POINT ( 'NONE',  ( -20.69286779538634136, 5.000000000000000000, 7.017192802939528740 ) ) ;
#2217 = CARTESIAN_POINT ( 'NONE',  ( -17.61503897814456110, 5.000000000000000000, -12.35920390209712671 ) ) ;
#2218 = CARTESIAN_POINT ( 'NONE',  ( 11.64908305855899329, 0.000000000000000000, 18.05325092785804486 ) ) ;
#2219 = CARTESIAN_POINT ( 'NONE',  ( 10.96630529631671003, 5.000000000000000000, -18.66169890383082830 ) ) ;
#2220 = VECTOR ( 'NONE', #2271, 1000.000000000000000 ) ;
#2221 = CARTESIAN_POINT ( 'NONE',  ( 15.10382500313026455, 5.000000000000000000, -16.03872553862217387 ) ) ;
#2222 = CARTESIAN_POINT ( 'NONE',  ( 2.760125969319107586, 0.000000000000000000, -21.88866197609809561 ) ) ;
#2223 = ORIENTED_EDGE ( 'NONE', *, *, #1822, .T. ) ;
#2224 = CARTESIAN_POINT ( 'NONE',  ( 21.59784430326507376, 5.000000000000000000, 0.6046288794738466921 ) ) ;
#2225 = DIRECTION ( 'NONE',  ( 0.000000000000000000, 1.000000000000000000, 0.000000000000000000 ) ) ;
#2226 = CARTESIAN_POINT ( 'NONE',  ( -17.52214277794370645, 5.000000000000000000, 12.42207143784108858 ) ) ;
#2227 = CARTESIAN_POINT ( 'NONE',  ( -20.24594093444912346, 5.000000000000000000, -7.418047431653015167 ) ) ;
#2228 = CARTESIAN_POINT ( 'NONE',  ( -8.356770982150949933, 5.000000000000000000, -20.11032701135525258 ) ) ;
#2229 = CARTESIAN_POINT ( 'NONE',  ( 12.41621834269236935, 0.000000000000000000, 17.84768785554432569 ) ) ;
#2230 = VERTEX_POINT ( 'NONE', #617 ) ;
#2231 = CARTESIAN_POINT ( 'NONE',  ( -15.79794070015035068, 0.000000000000000000, -15.87856579311346827 ) ) ;
#2232 = ORIENTED_EDGE ( 'NONE', *, *, #1778, .F. ) ;
#2233 = CARTESIAN_POINT ( 'NONE',  ( 19.79843673755888389, 5.000000000000000000, 9.474596916628540200 ) ) ;
#2234 = DIRECTION ( 'NONE',  ( 0.000000000000000000, 0.000000000000000000, 1.000000000000000000 ) ) ;
#2235 = CARTESIAN_POINT ( 'NONE',  ( -0.2073999678892195497, 5.000000000000000000, 22.18615006526772859 ) ) ;
#2236 = CARTESIAN_POINT ( 'NONE',  ( -8.438723107724754868, 5.000000000000000000, 20.01711606575405256 ) ) ;
#2237 = CARTESIAN_POINT ( 'NONE',  ( -20.24594093444912346, 5.000000000000000000, -7.418047431653015167 ) ) ;
#2238 = CARTESIAN_POINT ( 'NONE',  ( 21.05231046729996791, 0.000000000000000000, 4.786004887930734419 ) ) ;
#2239 = CARTESIAN_POINT ( 'NONE',  ( -9.790034832417008559, 0.000000000000000000, -19.27290536895272766 ) ) ;
#2240 = EDGE_CURVE ( 'NONE', #480, #1826, #1397, .T. ) ;
#2241 = CARTESIAN_POINT ( 'NONE',  ( -5.169132806799521695, 5.000000000000000000, -21.23396394726156444 ) ) ;
#2242 = CARTESIAN_POINT ( 'NONE',  ( 21.02084956596591425, 9.280770596475917955E-14, 6.978393404860816496 ) ) ;
#2243 = DIRECTION ( 'NONE',  ( 0.000000000000000000, 0.000000000000000000, 1.000000000000000000 ) ) ;
#2244 = AXIS2_PLACEMENT_3D ( 'NONE', #2150, #2114, #1374 ) ;
#2245 = EDGE_LOOP ( 'NONE', ( #674, #1625, #889, #1686 ) ) ;
#2246 = CARTESIAN_POINT ( 'NONE',  ( -7.402598313041606204, 9.280770596475917955E-14, -21.23266348413103799 ) ) ;
#2247 = CARTESIAN_POINT ( 'NONE',  ( -8.239077219261456975, 9.280770596475917955E-14, 20.31145505274677632 ) ) ;
#2248 = CARTESIAN_POINT ( 'NONE',  ( -12.02436241472407197, 5.000000000000000000, 19.05224436848927994 ) ) ;
#2249 = FACE_OUTER_BOUND ( 'NONE', #2245, .T. ) ;
#2250 = CARTESIAN_POINT ( 'NONE',  ( -17.94112932178229158, 9.280770596475917955E-14, -12.11582571980251899 ) ) ;
#2251 = CARTESIAN_POINT ( 'NONE',  ( 22.14156814808243112, 0.000000000000000000, 1.635443323688544393 ) ) ;
#2252 = AXIS2_PLACEMENT_3D ( 'NONE', #969, #1935, #23 ) ;
#2253 = AXIS2_PLACEMENT_3D ( 'NONE', #749, #1245, #938 ) ;
#2254 = CARTESIAN_POINT ( 'NONE',  ( -21.66479108706241163, 0.000000000000000000, -4.137603074080421273 ) ) ;
#2255 = CARTESIAN_POINT ( 'NONE',  ( 21.79830392669052941, 9.280770596475917955E-14, 1.042889142952001080 ) ) ;
#2256 = CYLINDRICAL_SURFACE ( 'NONE', #1329, 3.000000000000000888 ) ;
#2257 = EDGE_CURVE ( 'NONE', #1754, #1305, #1733, .T. ) ;
#2258 = CARTESIAN_POINT ( 'NONE',  ( -6.902823494266513649, 9.280770596475917955E-14, 21.44569743698095365 ) ) ;
#2259 = CARTESIAN_POINT ( 'NONE',  ( -6.047650463812114907, 5.000000000000000000, 21.50303339580093009 ) ) ;
#2260 = DIRECTION ( 'NONE',  ( 0.000000000000000000, 0.000000000000000000, -1.000000000000000000 ) ) ;
#2261 = CARTESIAN_POINT ( 'NONE',  ( -21.38156366930433450, 5.000000000000000000, -3.487020889686430092 ) ) ;
#2262 = CARTESIAN_POINT ( 'NONE',  ( 20.76446497335488317, 5.000000000000000000, -6.066648157349497694 ) ) ;
#2263 = CARTESIAN_POINT ( 'NONE',  ( 15.04316277897950904, 0.000000000000000000, 16.29287607612387845 ) ) ;
#2264 = CARTESIAN_POINT ( 'NONE',  ( -14.01969758497103591, 0.000000000000000000, -16.32995791162597143 ) ) ;
#2265 = DIRECTION ( 'NONE',  ( -0.000000000000000000, 1.000000000000000000, -0.000000000000000000 ) ) ;
#2266 = CARTESIAN_POINT ( 'NONE',  ( 22.14156814808243112, 5.000000000000000000, 1.635443323688544393 ) ) ;
#2267 = DIRECTION ( 'NONE',  ( 0.000000000000000000, 1.000000000000000000, 0.000000000000000000 ) ) ;
#2268 = EDGE_LOOP ( 'NONE', ( #710, #1033, #1444, #1858 ) ) ;
#2269 = CARTESIAN_POINT ( 'NONE',  ( 0.6443483016888433834, 9.280770596475917955E-14, 21.62409172937933377 ) ) ;
#2270 = CARTESIAN_POINT ( 'NONE',  ( -3.897493453557453691, 5.000000000000000000, 21.12595805102347057 ) ) ;
#2271 = DIRECTION ( 'NONE',  ( -0.000000000000000000, 1.000000000000000000, -0.000000000000000000 ) ) ;
#2272 = EDGE_CURVE ( 'NONE', #2075, #327, #719, .T. ) ;
#2273 = CARTESIAN_POINT ( 'NONE',  ( -19.89308346805845673, 5.000000000000000000, -9.076451436028458275 ) ) ;
#2274 = CARTESIAN_POINT ( 'NONE',  ( 19.15780524888745973, 5.000000000000000000, -9.911149431303957869 ) ) ;
#2275 = CARTESIAN_POINT ( 'NONE',  ( 6.123233995736766036E-17, -1.414213562373095145, -21.00000000000000000 ) ) ;
#2276 = CARTESIAN_POINT ( 'NONE',  ( -14.73457759027918534, 0.000000000000000000, 16.12056737286344088 ) ) ;
#2277 = ORIENTED_EDGE ( 'NONE', *, *, #2035, .T. ) ;
#2278 = CARTESIAN_POINT ( 'NONE',  ( -3.314509588424145115, 5.000000000000000000, -21.38751730179362553 ) ) ;
#2279 = DIRECTION ( 'NONE',  ( 0.000000000000000000, 0.000000000000000000, -1.000000000000000000 ) ) ;
#2280 = DIRECTION ( 'NONE',  ( 0.000000000000000000, 0.000000000000000000, 1.000000000000000000 ) ) ;
#2281 = CARTESIAN_POINT ( 'NONE',  ( -6.902823494266513649, 5.000000000000000000, 21.44569743698095365 ) ) ;
#2282 = CIRCLE ( 'NONE', #729, 3.000000000000000444 ) ;
#2283 = CARTESIAN_POINT ( 'NONE',  ( -12.73913520582318171, 5.000000000000000000, 18.35356778509089182 ) ) ;
#2284 = CARTESIAN_POINT ( 'NONE',  ( 21.87535488013477547, 9.280770596475917955E-14, -1.173803591774496891 ) ) ;
#2285 = CARTESIAN_POINT ( 'NONE',  ( -19.86261911075901665, 9.280770596475917955E-14, -8.290106393744903102 ) ) ;
#2286 = CARTESIAN_POINT ( 'NONE',  ( 5.711462571635219199, 5.000000000000000000, -21.08379121173055637 ) ) ;
#2287 = EDGE_CURVE ( 'NONE', #1223, #2075, #221, .T. ) ;
#2288 = CARTESIAN_POINT ( 'NONE',  ( -17.00606608959606803, 0.000000000000000000, 13.81293909888817595 ) ) ;
#2289 = CARTESIAN_POINT ( 'NONE',  ( 21.03577506131244590, 9.280770596475917955E-14, -7.051085557932833758 ) ) ;
#2290 = DIRECTION ( 'NONE',  ( -0.000000000000000000, 1.000000000000000000, -0.000000000000000000 ) ) ;
#2291 = CARTESIAN_POINT ( 'NONE',  ( 0.6017842013390926059, 5.000000000000000000, -21.64558113604190837 ) ) ;
#2292 = AXIS2_PLACEMENT_3D ( 'NONE', #1146, #1923, #1912 ) ;
#2293 = CARTESIAN_POINT ( 'NONE',  ( 21.50000000000001066, 5.000000000000000000, -8.470329472543003391E-18 ) ) ;
#2294 = CARTESIAN_POINT ( 'NONE',  ( -14.28941916244314214, 0.000000000000000000, -11.25000000000016698 ) ) ;
#2295 = AXIS2_PLACEMENT_3D ( 'NONE', #201, #1936, #225 ) ;
#2296 = ORIENTED_EDGE ( 'NONE', *, *, #1990, .T. ) ;
#2297 = CARTESIAN_POINT ( 'NONE',  ( 1.904213195894420396, 9.280770596475917955E-14, 21.48793032452932650 ) ) ;
#2298 = CARTESIAN_POINT ( 'NONE',  ( 13.09381139654567683, 5.000000000000000000, 17.83833269853158043 ) ) ;
#2299 = FACE_OUTER_BOUND ( 'NONE', #29, .T. ) ;
#2300 = CARTESIAN_POINT ( 'NONE',  ( -21.89210884666135115, 9.280770596475917955E-14, 5.142649073263910076 ) ) ;
#2301 = CARTESIAN_POINT ( 'NONE',  ( 18.26388979645584243, 5.000000000000000000, -13.19073196965213235 ) ) ;
#2302 =( NAMED_UNIT ( * ) PLANE_ANGLE_UNIT ( ) SI_UNIT ( $, .RADIAN. ) );
#2303 = CARTESIAN_POINT ( 'NONE',  ( -12.73913520582318171, 0.000000000000000000, 18.35356778509089182 ) ) ;
#2304 = ORIENTED_EDGE ( 'NONE', *, *, #36, .F. ) ;
#2305 = DIRECTION ( 'NONE',  ( 0.000000000000000000, 0.000000000000000000, -1.000000000000000000 ) ) ;
#2306 = CARTESIAN_POINT ( 'NONE',  ( 21.53390239617869639, 0.000000000000000000, -0.3595334859219603829 ) ) ;
#2307 = ORIENTED_EDGE ( 'NONE', *, *, #1283, .T. ) ;
#2308 = CARTESIAN_POINT ( 'NONE',  ( 7.198227194603910917, 9.280770596475917955E-14, 20.33956573828423586 ) ) ;
#2309 = CARTESIAN_POINT ( 'NONE',  ( 1.904213195894420396, 5.000000000000000000, 21.48793032452932650 ) ) ;
#2310 = CARTESIAN_POINT ( 'NONE',  ( 21.66993067396671435, 9.280770596475917955E-14, -0.7887541447959790508 ) ) ;
#2311 = CARTESIAN_POINT ( 'NONE',  ( -21.41310470233255003, 5.000000000000000000, 6.393941277939610757 ) ) ;
#2312 = CARTESIAN_POINT ( 'NONE',  ( -8.665300534411271016, 5.000000000000000000, -19.74894219727848821 ) ) ;
#2313 = DIRECTION ( 'NONE',  ( -0.000000000000000000, 1.000000000000000000, -0.000000000000000000 ) ) ;
#2314 = CARTESIAN_POINT ( 'NONE',  ( -18.87060187290206059, 0.000000000000000000, 11.69813387989780118 ) ) ;
#2315 = ORIENTED_EDGE ( 'NONE', *, *, #928, .F. ) ;
#2316 = CARTESIAN_POINT ( 'NONE',  ( 4.737062588639457950, 9.280770596475917955E-14, -21.94744642612260321 ) ) ;
#2317 = DIRECTION ( 'NONE',  ( 0.000000000000000000, 1.000000000000000000, 0.000000000000000000 ) ) ;
#2318 = CARTESIAN_POINT ( 'NONE',  ( 19.45755522695945672, 0.000000000000000000, -9.672411826660402667 ) ) ;
#2319 = EDGE_CURVE ( 'NONE', #288, #492, #1815, .T. ) ;
#2320 = VERTEX_POINT ( 'NONE', #1183 ) ;
#2321 = CARTESIAN_POINT ( 'NONE',  ( 9.752841289346950049, 5.000000000000000000, 20.28716079572233966 ) ) ;
#2322 = CARTESIAN_POINT ( 'NONE',  ( 15.17493104309236962, 5.000000000000000000, 15.66368423241137897 ) ) ;
#2323 = DIRECTION ( 'NONE',  ( -0.000000000000000000, 1.000000000000000000, -0.000000000000000000 ) ) ;
#2324 = CARTESIAN_POINT ( 'NONE',  ( -21.34777994446066174, 9.280770596475917955E-14, 2.417613532212277594 ) ) ;
#2325 = CARTESIAN_POINT ( 'NONE',  ( 3.765454925720590040, 5.000000000000000000, -22.17188836623166637 ) ) ;
#2326 = CARTESIAN_POINT ( 'NONE',  ( -22.52981702351516802, 0.000000000000000000, 0.03256193030718812498 ) ) ;
#2327 = CARTESIAN_POINT ( 'NONE',  ( 19.15780524888745973, 9.280770596475917955E-14, -9.911149431303957869 ) ) ;
#2328 = DIRECTION ( 'NONE',  ( -0.000000000000000000, 1.000000000000000000, -0.000000000000000000 ) ) ;
#2329 = CARTESIAN_POINT ( 'NONE',  ( 21.50000000000001066, 9.280770596475917955E-14, -8.470329472543003391E-18 ) ) ;
#2330 = CARTESIAN_POINT ( 'NONE',  ( 22.16287746613935639, 0.000000000000000000, -3.446006393542053292 ) ) ;
#2331 = EDGE_CURVE ( 'NONE', #79, #317, #2095, .T. ) ;
#2332 = CARTESIAN_POINT ( 'NONE',  ( 10.07318053901029131, 5.000000000000000000, 20.05798689262453038 ) ) ;
#2333 = CARTESIAN_POINT ( 'NONE',  ( 16.81205253432334246, 5.000000000000000000, 14.10255858975283516 ) ) ;
#2334 = AXIS2_PLACEMENT_3D ( 'NONE', #818, #2323, #774 ) ;
#2335 = FACE_OUTER_BOUND ( 'NONE', #2268, .T. ) ;
#2336 = CARTESIAN_POINT ( 'NONE',  ( -19.41051621454474230, 9.280770596475917955E-14, 11.28617828434465409 ) ) ;
#2337 = CARTESIAN_POINT ( 'NONE',  ( 2.760125969319107586, 5.000000000000000000, -21.88866197609809561 ) ) ;
#2338 = CARTESIAN_POINT ( 'NONE',  ( 0.3167353714766815154, 0.000000000000000000, 21.82201934417131639 ) ) ;
#2339 = CARTESIAN_POINT ( 'NONE',  ( 18.48412764836012911, 9.280770596475917955E-14, -12.73938536082835071 ) ) ;
#2340 = CARTESIAN_POINT ( 'NONE',  ( -14.28941916244331445, 5.000000000000000000, 11.24999999999986855 ) ) ;
#2341 = SURFACE_STYLE_USAGE ( .BOTH. , #262 ) ;
#2342 = CARTESIAN_POINT ( 'NONE',  ( 22.36881208094535367, 0.000000000000000000, -2.458965521622638928 ) ) ;
#2343 = ORIENTED_EDGE ( 'NONE', *, *, #928, .T. ) ;
#2344 = CARTESIAN_POINT ( 'NONE',  ( 3.783055418416479299, 9.280770596475917955E-14, 22.17273410013656232 ) ) ;
#2345 = CARTESIAN_POINT ( 'NONE',  ( 18.59245527667627229, 5.000000000000000000, 11.34261698305171429 ) ) ;
#2346 = CARTESIAN_POINT ( 'NONE',  ( 22.16287746613935639, 9.280770596475917955E-14, -3.446006393542053292 ) ) ;
#2347 = CARTESIAN_POINT ( 'NONE',  ( -21.61028601707824848, 5.000000000000000000, 6.099056666981929276 ) ) ;
#2348 = CARTESIAN_POINT ( 'NONE',  ( -8.356770982150949933, 5.000000000000000000, -20.11032701135525258 ) ) ;
#2349 = EDGE_CURVE ( 'NONE', #88, #391, #1288, .T. ) ;
#2350 = CARTESIAN_POINT ( 'NONE',  ( -6.047650463812114907, 0.000000000000000000, 21.50303339580093009 ) ) ;
#2351 = CARTESIAN_POINT ( 'NONE',  ( 10.05112590917946847, 5.000000000000000000, -20.07604883320758660 ) ) ;
#2352 = CARTESIAN_POINT ( 'NONE',  ( -8.249999999999909406, 5.000000000000000000, 14.28941916244328958 ) ) ;
#2353 = CARTESIAN_POINT ( 'NONE',  ( 2.285360203109497945, 5.000000000000000000, -21.59716902287065921 ) ) ;
#2354 = DIRECTION ( 'NONE',  ( 0.000000000000000000, 0.000000000000000000, -1.000000000000000000 ) ) ;
#2355 = CARTESIAN_POINT ( 'NONE',  ( 0.6017842013390926059, 0.000000000000000000, -21.64558113604190837 ) ) ;
#2356 = ORIENTED_EDGE ( 'NONE', *, *, #1655, .F. ) ;
#2357 = CARTESIAN_POINT ( 'NONE',  ( 13.44382720273177867, 5.000000000000000000, 17.79193137138471670 ) ) ;
#2358 = DIRECTION ( 'NONE',  ( 0.000000000000000000, 0.000000000000000000, 1.000000000000000000 ) ) ;
#2359 = CARTESIAN_POINT ( 'NONE',  ( -15.67149010138061271, 5.000000000000000000, 15.92435830585016454 ) ) ;
#2360 = CARTESIAN_POINT ( 'NONE',  ( -5.760958735503359129, 5.000000000000000000, -21.44858102203128425 ) ) ;
#2361 = EDGE_CURVE ( 'NONE', #1262, #348, #1894, .T. ) ;
#2362 = CARTESIAN_POINT ( 'NONE',  ( 4.294081650227393965, 0.000000000000000000, 22.11590148708446080 ) ) ;
#2363 = CARTESIAN_POINT ( 'NONE',  ( 17.52486614424552158, 5.000000000000000000, -13.86213788554044868 ) ) ;
#2364 = DIRECTION ( 'NONE',  ( 0.000000000000000000, 1.000000000000000000, -0.000000000000000000 ) ) ;
#2365 = ORIENTED_EDGE ( 'NONE', *, *, #2287, .F. ) ;
#2366 = CARTESIAN_POINT ( 'NONE',  ( 21.50489117795404681, 5.000000000000000000, -0.1349914607427966096 ) ) ;
#2367 = CARTESIAN_POINT ( 'NONE',  ( 16.43207818366992257, 0.000000000000000000, -14.21048366289349296 ) ) ;
#2368 = VERTEX_POINT ( 'NONE', #1944 ) ;
#2369 = CARTESIAN_POINT ( 'NONE',  ( 14.16379657430320904, 5.000000000000000000, 17.49030561170899745 ) ) ;
#2370 = CARTESIAN_POINT ( 'NONE',  ( 21.07818027182894838, 5.000000000000000000, 7.322549411315046441 ) ) ;
#2371 = AXIS2_PLACEMENT_3D ( 'NONE', #601, #1697, #797 ) ;
#2372 = CARTESIAN_POINT ( 'NONE',  ( -13.60842196957686134, 5.000000000000000000, 16.62042198802518556 ) ) ;
#2373 = AXIS2_PLACEMENT_3D ( 'NONE', #406, #44, #608 ) ;
#2374 = CARTESIAN_POINT ( 'NONE',  ( -19.92355701066561835, 5.000000000000000000, 10.43122254053779052 ) ) ;
#2375 = AXIS2_PLACEMENT_3D ( 'NONE', #2187, #2393, #2354 ) ;
#2376 = CARTESIAN_POINT ( 'NONE',  ( -10.62775381944808117, 9.280770596475917955E-14, -19.32565719518376568 ) ) ;
#2377 = CARTESIAN_POINT ( 'NONE',  ( -1.563801935270094479, 0.000000000000000000, 22.47118139727804476 ) ) ;
#2378 = CARTESIAN_POINT ( 'NONE',  ( 14.40524625795973890, 5.000000000000000000, -17.32225399579272462 ) ) ;
#2379 = DIRECTION ( 'NONE',  ( 0.000000000000000000, -1.000000000000000000, 0.000000000000000000 ) ) ;
#2380 = VERTEX_POINT ( 'NONE', #198 ) ;
#2381 = CARTESIAN_POINT ( 'NONE',  ( 21.53390239617869639, 5.000000000000000000, -0.3595334859219603829 ) ) ;
#2382 = CARTESIAN_POINT ( 'NONE',  ( 3.277579760521635688, 0.000000000000000000, -22.09981042328130485 ) ) ;
#2383 = CARTESIAN_POINT ( 'NONE',  ( 15.47880671103801120, 5.000000000000000000, 14.92083345263744931 ) ) ;
#2384 = DIRECTION ( 'NONE',  ( -0.000000000000000000, 1.000000000000000000, -0.000000000000000000 ) ) ;
#2385 = SHAPE_DEFINITION_REPRESENTATION ( #469, #640 ) ;
#2386 = CARTESIAN_POINT ( 'NONE',  ( -10.88544222468357958, 9.280770596475917955E-14, 19.34214898311946484 ) ) ;
#2387 = CARTESIAN_POINT ( 'NONE',  ( -19.50747475164444822, 5.000000000000000000, -11.19700028357407895 ) ) ;
#2388 = CARTESIAN_POINT ( 'NONE',  ( -16.29127566881314593, 9.280770596475917955E-14, -15.57438319502826474 ) ) ;
#2389 = CARTESIAN_POINT ( 'NONE',  ( 1.038183469128063141, 0.000000000000000000, 21.48008088495590684 ) ) ;
#2390 = CARTESIAN_POINT ( 'NONE',  ( 10.63703935626417696, 9.280770596475917955E-14, -19.29854484198767040 ) ) ;
#2391 = FACE_OUTER_BOUND ( 'NONE', #985, .T. ) ;
#2392 = ORIENTED_EDGE ( 'NONE', *, *, #2349, .T. ) ;
#2393 = DIRECTION ( 'NONE',  ( -0.000000000000000000, 1.000000000000000000, -0.000000000000000000 ) ) ;
#2394 = CARTESIAN_POINT ( 'NONE',  ( 15.26624746504589503, 0.000000000000000000, -15.33866194321941379 ) ) ;
#2395 = EDGE_LOOP ( 'NONE', ( #934, #1684, #1469, #1335 ) ) ;
#2396 = CARTESIAN_POINT ( 'NONE',  ( 18.61153382708216242, 5.000000000000000000, 11.68302830110954638 ) ) ;
#2397 = DIRECTION ( 'NONE',  ( 0.000000000000000000, 1.000000000000000000, -0.000000000000000000 ) ) ;
#2398 = EDGE_CURVE ( 'NONE', #2380, #79, #216, .T. ) ;
#2399 = CARTESIAN_POINT ( 'NONE',  ( -13.60842196957686134, 9.280770596475917955E-14, 16.62042198802518556 ) ) ;
#2400 = CARTESIAN_POINT ( 'NONE',  ( -22.52981702351516802, 5.000000000000000000, 0.03256193030718812498 ) ) ;
#2401 = CARTESIAN_POINT ( 'NONE',  ( -14.01969758497103591, 9.280770596475917955E-14, -16.32995791162597143 ) ) ;
#2402 = CARTESIAN_POINT ( 'NONE',  ( 18.50284236186318054, 0.000000000000000000, 12.69321652788445398 ) ) ;
#2403 = CARTESIAN_POINT ( 'NONE',  ( 16.77354824828158186, 9.280770596475917955E-14, -14.11187666143775310 ) ) ;
#2404 = AXIS2_PLACEMENT_3D ( 'NONE', #524, #690, #1265 ) ;
#2405 = CARTESIAN_POINT ( 'NONE',  ( 20.60588353413724860, 5.000000000000000000, -8.854183996984605898 ) ) ;
#2406 = CARTESIAN_POINT ( 'NONE',  ( 2.285360203109497945, 0.000000000000000000, -21.59716902287065921 ) ) ;
#2407 = ORIENTED_EDGE ( 'NONE', *, *, #1296, .T. ) ;
#2408 = CARTESIAN_POINT ( 'NONE',  ( 18.59245527667627229, 9.280770596475917955E-14, 11.34261698305171429 ) ) ;
#2409 = CARTESIAN_POINT ( 'NONE',  ( 21.56051267682079242, 5.000000000000000000, 0.4762564980949328675 ) ) ;
#2410 = CARTESIAN_POINT ( 'NONE',  ( -6.929586978713635936, 5.000000000000000000, -21.43766386916052369 ) ) ;
#2411 = EDGE_CURVE ( 'NONE', #2230, #1961, #2107, .T. ) ;
#2412 = CARTESIAN_POINT ( 'NONE',  ( -12.02436241472407197, 9.280770596475917955E-14, 19.05224436848927994 ) ) ;
#2413 = CARTESIAN_POINT ( 'NONE',  ( -18.29212202922914443, 5.000000000000000000, -11.94145082154749105 ) ) ;
#2414 = CIRCLE ( 'NONE', #738, 2.500000000000000444 ) ;
#2415 = AXIS2_PLACEMENT_3D ( 'NONE', #1498, #1893, #182 ) ;
#2416 = CARTESIAN_POINT ( 'NONE',  ( -17.11306650742679381, 5.000000000000000000, -13.11302747492975307 ) ) ;
#2417 = CARTESIAN_POINT ( 'NONE',  ( 21.53896333205914360, 0.000000000000000000, 4.247536075337232653 ) ) ;
#2418 = AXIS2_PLACEMENT_3D ( 'NONE', #2092, #380, #1137 ) ;
#2419 = VERTEX_POINT ( 'NONE', #1539 ) ;
#2420 = CARTESIAN_POINT ( 'NONE',  ( 9.156357977601375708, 5.000000000000000000, -20.54096192691616451 ) ) ;
#2421 = CARTESIAN_POINT ( 'NONE',  ( -21.82872118787253868, 0.000000000000000000, -5.577142973585949903 ) ) ;
#2422 = ORIENTED_EDGE ( 'NONE', *, *, #1558, .T. ) ;
#2423 = CARTESIAN_POINT ( 'NONE',  ( 20.62332058318116523, 5.000000000000000000, 8.831594486045741377 ) ) ;
#2424 = DIRECTION ( 'NONE',  ( 0.000000000000000000, 0.000000000000000000, 1.000000000000000000 ) ) ;
#2425 = CARTESIAN_POINT ( 'NONE',  ( -2.922921233017266474, 5.000000000000000000, 21.72806499805557223 ) ) ;
#2426 = CARTESIAN_POINT ( 'NONE',  ( -17.61503897814456110, 5.000000000000000000, -12.35920390209712671 ) ) ;
#2427 = CARTESIAN_POINT ( 'NONE',  ( -12.97857481093140031, 9.280770596475917955E-14, -17.81858781351716559 ) ) ;
#2428 = CARTESIAN_POINT ( 'NONE',  ( 21.00308125305534190, 0.000000000000000000, 8.093784755413055976 ) ) ;
#2429 = CARTESIAN_POINT ( 'NONE',  ( -10.62775381944808117, 0.000000000000000000, -19.32565719518376568 ) ) ;
#2430 = ORIENTED_EDGE ( 'NONE', *, *, #369, .F. ) ;
#2431 = CARTESIAN_POINT ( 'NONE',  ( -5.479899183540631213, 9.280770596475917955E-14, -21.35853008466362013 ) ) ;
#2432 = CARTESIAN_POINT ( 'NONE',  ( 20.84355583252543198, 9.280770596475917955E-14, 8.492539021897748341 ) ) ;
#2433 = FACE_OUTER_BOUND ( 'NONE', #304, .T. ) ;
#2434 = CARTESIAN_POINT ( 'NONE',  ( -8.063173052550762776, 5.000000000000000000, 20.58865187393976370 ) ) ;
#2435 = CARTESIAN_POINT ( 'NONE',  ( -16.70703295257997212, 5.000000000000000000, 15.05430691143623179 ) ) ;
#2436 = CARTESIAN_POINT ( 'NONE',  ( 21.50082892385609057, 5.000000000000000000, -0.05538574488906028437 ) ) ;
#2437 = CARTESIAN_POINT ( 'NONE',  ( -21.84680434216278044, 9.280770596475917955E-14, -4.726329942485262059 ) ) ;
#2438 = CARTESIAN_POINT ( 'NONE',  ( 15.17493104309236962, 0.000000000000000000, 15.66368423241137897 ) ) ;
#2439 = EDGE_CURVE ( 'NONE', #2012, #2122, #814, .T. ) ;
#2440 = CARTESIAN_POINT ( 'NONE',  ( -21.77086451918862053, 0.000000000000000000, -4.412015090083839297 ) ) ;
#2441 = VERTEX_POINT ( 'NONE', #752 ) ;
#2442 = CARTESIAN_POINT ( 'NONE',  ( 21.88090582405750695, 5.000000000000000000, 1.181287950643800322 ) ) ;
#2443 = DIRECTION ( 'NONE',  ( -0.000000000000000000, 1.000000000000000000, -0.000000000000000000 ) ) ;
#2444 = VECTOR ( 'NONE', #794, 1000.000000000000000 ) ;
#2445 = CARTESIAN_POINT ( 'NONE',  ( -3.188279445688513292, 5.000000000000000000, 21.49261267939214193 ) ) ;
#2446 = CARTESIAN_POINT ( 'NONE',  ( -5.725817035700059954, 5.000000000000000000, 21.43962851368825895 ) ) ;
#2447 = DIRECTION ( 'NONE',  ( -0.000000000000000000, 1.000000000000000000, -0.000000000000000000 ) ) ;
#2448 = CARTESIAN_POINT ( 'NONE',  ( -21.87524447582766030, 9.280770596475917955E-14, -5.078219245576548246 ) ) ;
#2449 = CARTESIAN_POINT ( 'NONE',  ( 17.12596941841460918, 0.000000000000000000, 14.01923052165435912 ) ) ;
#2450 = ORIENTED_EDGE ( 'NONE', *, *, #1128, .T. ) ;
#2451 = AXIS2_PLACEMENT_3D ( 'NONE', #57, #1565, #962 ) ;
#2452 = CARTESIAN_POINT ( 'NONE',  ( -7.793138218353327318, 0.000000000000000000, -20.92814481793868708 ) ) ;
#2453 = CARTESIAN_POINT ( 'NONE',  ( 14.28941916244325760, -8.485281374238567764, -11.24999999999996803 ) ) ;
#2454 = CARTESIAN_POINT ( 'NONE',  ( 20.08084485516624440, 5.000000000000000000, 9.315588836521307314 ) ) ;
#2455 = DIRECTION ( 'NONE',  ( 0.000000000000000000, 0.000000000000000000, -1.000000000000000000 ) ) ;
#2456 = EDGE_CURVE ( 'NONE', #1471, #1812, #96, .T. ) ;
#2457 = CARTESIAN_POINT ( 'NONE',  ( -4.763563312210403744, 9.280770596475917955E-14, 21.10704693669042697 ) ) ;
#2458 = CARTESIAN_POINT ( 'NONE',  ( -17.94723619457273855, 5.000000000000000000, 12.11000861407793394 ) ) ;
#2459 = DIRECTION ( 'NONE',  ( -0.000000000000000000, 1.000000000000000000, -0.000000000000000000 ) ) ;
#2460 = CARTESIAN_POINT ( 'NONE',  ( -20.95539490747585987, 5.000000000000000000, -6.838363024332214657 ) ) ;
#2461 = CARTESIAN_POINT ( 'NONE',  ( 7.883936963233164619, 5.000000000000000000, -20.44276140157766619 ) ) ;
#2462 = CARTESIAN_POINT ( 'NONE',  ( 21.88090582405750695, 0.000000000000000000, 1.181287950643800322 ) ) ;
#2463 = CARTESIAN_POINT ( 'NONE',  ( -13.64557217329655536, 0.000000000000000000, -16.58642694311949484 ) ) ;
#2464 = CARTESIAN_POINT ( 'NONE',  ( -8.249999999999909406, 0.000000000000000000, 14.28941916244328958 ) ) ;
#2465 = CARTESIAN_POINT ( 'NONE',  ( -2.956302797073788735, 9.280770596475917955E-14, -21.69571159132912541 ) ) ;
ENDSEC;
END-ISO-10303-21;
